day,added_date,videoid,name,preview_image_location,userid,content_rating,category
2025-08-28,2025-08-28T05:04:35.000Z,86e1763b-6482-4014-9f7f-5028415d8e95,Build AI-Powered Apps Faster with Langflow,https://i.ytimg.com/vi/L7V_woT8mbQ/maxresdefault.jpg,4a626541-39ca-4407-802e-08a82fa27f5f,G,Education
2025-08-21,2025-08-21T05:01:57.000Z,b2f64758-46dd-4976-8099-3d51ed6c82fc,"MCP for Developers: Visual AI with MCP, Langflow & IBM Tools",https://i.ytimg.com/vi/x76QZRuC__8/maxresdefault.jpg,ffd032c3-4d2b-4385-92e4-5bb6b3bfb5da,G,Education
2025-07-23,2025-07-23T04:52:22.000Z,8926e6d1-c09d-4f96-92a7-415b5a887233,Build Real-Time GenAI Product Recs that Boost Cart Size,https://i.ytimg.com/vi/jwGAeqeORnM/maxresdefault.jpg,dd919cc2-cb00-4df2-8a23-4aee419acea7,G,Education
2025-07-11,2025-07-11T17:20:32.000Z,9ab33abf-b3cd-45be-8ee3-1efe324372dc,Vibe Coding Tip: Let Your AI Agent Manage Your To-Do List! #vibecoding,https://i.ytimg.com/vi/_6VQ1LyjqBk/maxresdefault.jpg,3a4348ea-6363-4b28-8d70-8576b6b1efdb,G,Education
2025-07-10,2025-07-10T05:10:29.000Z,6643310e-d373-4304-b7ae-20bb87c94b7b,Connect the Dots in Your RAG Pipeline with Graph RAG and GraphRetriever,https://i.ytimg.com/vi/vfLWe136N6A/maxresdefault.jpg,d09aae53-d967-4fa9-af49-95b767c8e786,G,Education
2025-06-27,2025-06-27T06:19:41.000Z,c31c166f-fde1-46c4-a86e-102e6a4a0df1,Scaling with RAG: How GenAI Powers Real-Time Financial Intelligence,https://i.ytimg.com/vi/wB_Li3vfaes/maxresdefault.jpg,d4df1838-8494-4adf-95be-a508501511b4,G,Education
2025-06-26,2025-06-26T18:02:15.000Z,02f7d20f-bc48-452d-8129-9706b3c3f9dc,Vibe Coding Tip: Donâ€™t Let Your AI Agent Take Over ðŸ¤– #shorts #vibecoding,https://i.ytimg.com/vi/orwfgV78sSQ/maxresdefault.jpg,e654cfeb-f067-4610-acf6-12f1fb3ceb50,G,Education
2025-06-24,2025-06-24T19:35:00.000Z,610ee89f-c30d-41e2-a212-4434b87864ed,Why Frequent Commits Matter in Vibe Coding ðŸš¨,https://i.ytimg.com/vi/IWfLnMP2Jws/maxresdefault.jpg,d0de539b-a018-4fa3-8053-f8a0116735aa,G,Education
2025-06-18,2025-06-18T16:48:27.000Z,9aaf66a5-6d38-4af2-9b89-a6f0d080014d,Secret to Vibe Coding Success: Break Down Tasks into Milestones,https://i.ytimg.com/vi/eNPpblNmeCI/maxresdefault.jpg,ff20c323-3c10-4733-bb79-a6adaefe1f61,G,Education
2025-06-18,2025-06-18T05:24:43.000Z,b76696e1-0e2b-415a-ac00-bd4584b132d2,"""The Flow"" Podcast, Featuring Tavily",https://i.ytimg.com/vi/e7JruzhEdCE/maxresdefault.jpg,d247549d-739e-4f32-8755-120bcf1fa1ce,G,Education
2025-06-12,2025-06-12T05:10:07.000Z,e83999f5-50f7-43c2-be11-c4f6f134c689,AI for Financial Services: Succeeding with Agents and RAG Applications,https://i.ytimg.com/vi/N9lGgwvoHxg/maxresdefault.jpg,bc9a061d-f1e2-4ccc-a39b-9aedf110dad9,G,Education
2025-06-11,2025-06-11T05:13:02.000Z,3fd83c78-256f-440f-a5a5-1dcc5a74d9cd,Build a Vibe-Coded AI App with Langflow,https://i.ytimg.com/vi/i2IbEWn_GOE/maxresdefault.jpg,e34239e7-c820-48a6-b1f7-4a2934c6fc39,G,Education
2025-06-05,2025-06-05T19:48:15.000Z,7191d872-5865-4ab1-b8b9-7850c4a48966,Top 10 Vibe Coding Tips for AI-Powered Development,https://i.ytimg.com/vi/t_mZ84-B-5Y/maxresdefault.jpg,3d17259a-2fb4-41d5-a9ef-89f86dbfc1fa,G,Education
2025-06-05,2025-06-05T11:02:51.000Z,e0cbed52-696e-4a33-90f9-bf2033798cf5,Build a RAG app with Firebase Genkit and Astra DB,https://i.ytimg.com/vi/EO1FEpN4O_0/maxresdefault.jpg,caa4c108-872a-4cbb-956e-44c9e29eb987,G,Education
2025-05-29,2025-05-29T04:05:11.000Z,82c63fc9-070d-4cd4-88c2-3b9b5ea70171,Power Hybrid Search + Chat in Your App,https://i.ytimg.com/vi/xnyawj1mYrE/maxresdefault.jpg,9656e360-6524-4a65-b319-aa1b74064e8b,G,Education
2025-05-22,2025-05-22T05:06:48.000Z,21614873-a9b2-4f75-acdf-16f85a11f6f9,Build AI Agents with MCP in Langflow 1.4,https://i.ytimg.com/vi/tU1gXBUDEBw/maxresdefault.jpg,d03a0559-5de9-4892-9fed-e90f0f4abe86,G,Education
2025-05-15,2025-05-15T04:52:51.000Z,bcf73dcf-9742-49de-bf7c-260da16c340f,AI-Ready Data: What CIOs Need to Know in 2025,https://i.ytimg.com/vi/YdxCBLSjItI/maxresdefault.jpg,a7f331e5-7fb0-46b0-8f2a-5a29f74a7973,G,Education
2025-05-13,2025-05-13T19:51:05.000Z,b61b7795-7bfc-4fcf-92e6-31311b418c94,Get Started with Azure OpenAI and Langflow,https://i.ytimg.com/vi/gAYZP-LUbwc/maxresdefault.jpg,a18f7073-9f8a-4d77-b8b5-0dba3760aedc,G,Education
2025-05-05,2025-05-05T18:38:35.000Z,f7ae9d4f-d42a-426f-92d9-a8d350ca3bad,Astra DB + MCP: A New Era for Database Interaction,https://i.ytimg.com/vi/sMZYvU3WmKE/maxresdefault.jpg,bb3b6846-0806-4182-a883-fef88b0f23ce,G,Education
2025-05-01,2025-05-01T04:59:45.000Z,5df93cbc-961c-4645-a4f1-70b3949268b5,Build More Accurate AI Apps with Langflow + Arize,https://i.ytimg.com/vi/c5RXIM-huWY/maxresdefault.jpg,eb9dc77b-ae77-4964-9d83-140131519965,G,Education
2025-04-30,2025-04-30T20:47:40.000Z,e4a36e93-52d6-4a56-af31-70b4a7c0865d,Build an Email-Powered AI Agent with Twilio and Langflow,https://i.ytimg.com/vi/7h0rv1L_5TM/maxresdefault.jpg,e727c460-659d-4e52-8965-bfef75da54c6,G,Education
2025-04-25,2025-04-25T08:36:30.000Z,3584605e-5bfd-4759-8f8a-b94a986af3d4,Berlin AI Meetup,https://i.ytimg.com/vi/R7xDgMfXKiE/maxresdefault.jpg,cd3cce8a-637a-4540-a939-06dd9ecf43f6,G,Education
2025-04-25,2025-04-25T05:06:44.000Z,b4237022-d1ac-4d29-8286-f6daf631646e,"MCP in Action: Build, Connect, and Scale AI Agents",https://i.ytimg.com/vi/ctB8VimMQbw/maxresdefault.jpg,6fa895f2-5e2a-4c0b-87f4-d918058fad15,G,Education
2025-04-24,2025-04-24T04:20:09.000Z,99318bce-abbf-4afa-8ab3-ca998617a22d,"Make Your GenAI App More Relevantâ€”Measure, Test & Improve",https://i.ytimg.com/vi/fL1AB5cwCpY/maxresdefault.jpg,a18f7073-9f8a-4d77-b8b5-0dba3760aedc,G,Education
2025-04-17,2025-04-17T04:56:12.000Z,68af530c-41fb-4dc9-88b1-b9c9c849cad5,Next-Level Accuracy with Astra DB Hybrid Search and NVIDIA AI,https://i.ytimg.com/vi/-bAUdKNf_CM/maxresdefault.jpg,62399ada-a66e-4c99-b6ab-e944e7cb8283,G,Education
2025-04-15,2025-04-15T13:58:28.000Z,9bd5e9df-4f40-4e09-b4a3-b61138b6c05d,How to Build a RAG App: A Step-by-Step Guide Using Firebase Genkit and Vector Search,https://i.ytimg.com/vi/D7MqKnKtpnE/maxresdefault.jpg,0bc4f06f-cc51-47d9-b4ee-79abbe8052ce,G,Tutorial
2025-04-10,2025-04-10T16:52:36.000Z,9bf81812-b92c-49fa-9993-9e176017be94,"ðŸŽ¯ How to Make Your GenAI App More Relevant: Measure, Test & Improve with Langflow",https://i.ytimg.com/vi/anMNRps1Ra8/hqdefault.jpg,30ab73cd-d7de-47a6-bbbe-6641208a3387,G,Tutorial
2025-04-10,2025-04-10T05:11:45.000Z,ae5e72dd-e66d-4c27-8c98-028cd247bc07,Mastering Rerankers for AI Vector and Hybrid Search Accuracy,https://i.ytimg.com/vi/0oZn0xX-SoQ/maxresdefault.jpg,1f94f5ef-b3c7-4e56-b874-7f4e9a4bf8b9,G,Education
2025-04-08,2025-04-08T17:09:21.000Z,cebcd63a-409e-4bf7-9eb7-0b27e0963237,The EASIEST Way to Fetch and Query Web Data for AI Applications,https://i.ytimg.com/vi/rBVZuj0IZzI/maxresdefault.jpg,6fa895f2-5e2a-4c0b-87f4-d918058fad15,G,Education
2025-04-05,2025-04-05T17:02:21.000Z,65942204-4c86-437a-8b85-4f8a5e24e5f0,3 BIG Problems With Large Language Models,https://i.ytimg.com/vi/0WXkOCSR8V8/maxresdefault.jpg,f87a23a0-72d0-4518-84f0-37b500fb4421,G,Education
2025-04-04,2025-04-04T16:47:24.000Z,735e28ca-2861-4ea9-af2b-1a54f9171678,Challenges in AI Application Deployment,https://i.ytimg.com/vi/1pe_kXV1QIo/maxresdefault.jpg,bdc0da8a-5f48-49a1-9a91-bfb9bb2f0031,G,Education
2025-04-03,2025-04-03T17:05:23.000Z,c08502af-7d14-4067-9034-f1171a899460,Advice for Handling Unstructured Data for AI Applications,https://i.ytimg.com/vi/MISVldtP5Wk/maxresdefault.jpg,b17f3355-2df9-476b-8f3b-1232a00e547f,G,Education
2025-04-03,2025-04-03T05:04:52.000Z,b3c2cff5-4e66-4851-b9c1-d82a9acef6bc,Boost LLM Accuracy: Build Reliable RAG Apps,https://i.ytimg.com/vi/RELpeYjlAzg/maxresdefault.jpg,48674078-574f-4724-b5d9-87016ab922a7,G,Education
2025-04-02,2025-04-02T17:15:23.000Z,dac59a3e-5c97-427e-860a-5fcb695e0f7c,"Performance, Reliability, and Scale with DataStax Astra DB",https://i.ytimg.com/vi/XXDGCKcpCoI/maxresdefault.jpg,d6f6d064-01bb-48e1-be4f-3aeb414f608d,G,Education
2025-04-02,2025-04-02T04:43:20.000Z,cdae48b7-56b7-412c-a7e6-fcf8fda59060,Accelerating AI Development with DataStax HCD,https://i.ytimg.com/vi/BHnW2WTDTag/maxresdefault.jpg,3771134d-a0de-4b06-a1fa-bcb292f22299,G,Education
2025-04-01,2025-04-01T17:04:22.000Z,006d2da2-b354-41e4-b189-a5cf33a3a9f2,Tips for improving RAG accuracy ðŸŽ¯,https://i.ytimg.com/vi/GG1tO3j7dFI/maxresdefault.jpg,c81c196d-ffcf-43e8-bb38-b59271ddd97e,G,Education
2025-03-28,2025-03-28T16:49:26.000Z,4c548f22-7092-45c9-8b3c-310c77474442,Generate Your Own GitHub Codebeast - Built Using Langflow,https://i.ytimg.com/vi/vmE3-ZCOZSk/maxresdefault.jpg,b85cc456-a668-4e9b-a3c9-fe874ab57cd4,G,Education
2025-03-28,2025-03-28T12:36:34.000Z,58f5b73b-c20e-4c73-a1c8-5ff886c08151,March Berlin AI Meetup Recap #shorts #ai #meetup,https://i.ytimg.com/vi/3hjBoPH4dnA/maxresdefault.jpg,edbf0dd0-83c3-44b8-b50e-de0b9fd520ca,G,Education
2025-03-28,2025-03-28T09:45:27.000Z,94bd0bba-facf-4375-8f7b-0babb332ff4c,Berlin AI Meetup,https://i.ytimg.com/vi/AehO7VcDJ1A/maxresdefault.jpg,6bf21c7c-b1d1-43a6-92bd-6b5e25667308,G,Education
2025-03-27,2025-03-27T21:33:19.000Z,9441ba91-3433-411c-a34b-92914949066a,DataStax AI Hero: Maria Khalusova #ai #unstructureddata #agents,https://i.ytimg.com/vi/Ct63oaUQojA/maxresdefault.jpg,3a4348ea-6363-4b28-8d70-8576b6b1efdb,G,Education
2025-03-26,2025-03-26T17:46:41.000Z,3617b99b-4198-4c62-8263-fb3f58f5cc01,Build Smarter Enterprise Search with AI-Powered Retrieval,https://i.ytimg.com/vi/C7A7eItJtoY/maxresdefault.jpg,9f3ead8f-decb-4f65-9304-3977639e3023,G,Education
2025-03-25,2025-03-25T21:25:00.000Z,c7f16943-423e-4571-9ab4-16020ea74e28,Build Your Ultimate Personal Assistant with Multi Agents on Langflow,https://i.ytimg.com/vi/Nb6aHg79JDI/maxresdefault.jpg,0778d242-7c90-47f0-8ecb-ddf07636e712,G,Education
2025-03-20,2025-03-20T05:08:50.000Z,988e7ca5-483c-4695-9e6c-e937512c0007,Turn Any Website Into an API Surface,https://i.ytimg.com/vi/A0kcdMl-v60/maxresdefault.jpg,e7114baa-4d96-4fdb-a5ca-771bc4208cfd,G,Education
2025-03-14,2025-03-14T16:29:19.000Z,196b8b5f-a1ea-47cd-bb38-7c89da645319,"Building a Weather App with a Raspberry Pi, Astra DB, and Langflow #PiDay ðŸ¥§",https://i.ytimg.com/vi/kfnlYwGy5Hw/maxresdefault.jpg,45b5b03c-ce92-4885-9d90-2af751356cc4,G,Education
2025-03-14,2025-03-14T12:30:44.000Z,7cc0bd19-7629-4fdb-b495-56488fe19ea5,"Building a Weather App with a Raspberry Pi, Astra DB, and Langflow",https://i.ytimg.com/vi/kw0FxBsfcXo/maxresdefault.jpg,3d17259a-2fb4-41d5-a9ef-89f86dbfc1fa,G,Education
2025-03-13,2025-03-13T05:20:34.000Z,9f880f57-e87d-4068-90ac-e3f44c08fb14,Improve RAG Accuracy with Agentic RAG & Astra DB,https://i.ytimg.com/vi/dYBAZ9oa5y0/maxresdefault.jpg,6c1a0d32-f1ea-4b32-8d59-97c85ad0fc15,G,Education
2025-03-10,2025-03-10T14:13:00.000Z,03d7e677-e9c2-43f1-88bf-f7c3a70eee6c,Announcing Astra DB for AI Agents over MCP (Model Context Protocol),https://i.ytimg.com/vi/wRR-SzcI0zc/maxresdefault.jpg,aa792c9b-85bd-4713-9788-5d6421ad2744,G,Education
2025-03-06,2025-03-06T18:38:11.000Z,995e6a45-ccff-452b-8dbf-3033d8876f4a,Unlock the Power of Session IDs in Langflow,https://i.ytimg.com/vi/5ox4Q7Z_Zyo/maxresdefault.jpg,30ab73cd-d7de-47a6-bbbe-6641208a3387,G,Education
2025-03-06,2025-03-06T14:01:16.000Z,18921058-2d01-4b53-8d24-a4226d2a1ec0,DataStax AI Hero: Sreesha Baraar,https://i.ytimg.com/vi/yYd5TDdlD0A/maxresdefault.jpg,45b5b03c-ce92-4885-9d90-2af751356cc4,G,Education
2025-03-06,2025-03-06T11:07:44.000Z,0508e75d-321d-45b8-b428-436605412434,Build RAG From Scratch,https://i.ytimg.com/vi/WGG2y9PiGGQ/maxresdefault.jpg,cd73fc03-f7f6-4a63-bdec-b4f4d968eaea,G,Education
2025-03-04,2025-03-04T17:00:40.000Z,e27f23c8-b50d-4e13-ad48-d536ae8ec1b2,Build Your Ultimate Personal Assistant with Multi Agents on Langflow,https://i.ytimg.com/vi/VUNQVZCxpVM/maxresdefault.jpg,43a72cd1-96c1-416f-a303-5d0eb55120fb,G,Education
2025-03-03,2025-03-03T18:13:53.000Z,a372d383-5a41-434e-b9af-6518f8bc03f6,Build Your Own CodeBeasts with Agentic AI,https://i.ytimg.com/vi/zpnfDW_c-A8/maxresdefault.jpg,dc08cfa8-5f55-4264-8a80-914ff835f18f,G,Education
2025-02-28,2025-02-28T16:13:31.000Z,cc966984-0e2c-4557-aeb2-c3ff7246730a,How to run open source AI models locally in your browser with the ONNX framework,https://i.ytimg.com/vi/y8AfQf1Sxns/maxresdefault.jpg,55b6e4d2-9a50-4a04-b1fb-ec162e39a936,G,Tutorial
2025-02-28,2025-02-28T15:55:33.000Z,48c5fc14-06e6-4689-b3f7-b18474ee8bbe,Understanding The CURRENT State Of AI Agents Today,https://i.ytimg.com/vi/sQm5mKkuNwY/maxresdefault.jpg,1ee33399-56ab-46e6-a85a-bc0e29ec69ca,G,Education
2025-02-28,2025-02-28T12:30:50.000Z,94f0d7a4-11b1-44fe-ae75-098f9fe9a952,Berlin AI Meetup Vibes,https://i.ytimg.com/vi/7Lj_41pw_kg/maxresdefault.jpg,e34239e7-c820-48a6-b1f7-4a2934c6fc39,G,Education
2025-02-28,2025-02-28T09:47:20.000Z,0bc402f2-23bb-4577-b08b-088ae060a815,Berlin AI Meetup,https://i.ytimg.com/vi/6jxCBOf1tXE/maxresdefault.jpg,f9a882ac-252a-4057-bd04-6a7e249d2f91,G,Education
2025-02-26,2025-02-26T16:51:19.000Z,372df632-aef0-4fb3-96a4-082e32e765a8,Build and Iterate Agentic Flows Quickly with Langflow,https://i.ytimg.com/vi/3wp4QRprFpk/maxresdefault.jpg,445cc34e-9262-48e0-b01b-f0de3548a7fc,G,Education
2025-02-21,2025-02-21T20:02:07.000Z,8cbd6419-e230-4818-a7ff-9f32a0ac9536,Building a Simple AI Agent with Langflow and Composio,https://i.ytimg.com/vi/qKSjsIlpEBI/maxresdefault.jpg,cd3cce8a-637a-4540-a939-06dd9ecf43f6,G,Education
2025-02-20,2025-02-20T05:58:34.000Z,6e68a2ea-a471-4bb4-9a15-e7000153d93e,Mastering DeepSeek-R1 and V3 in Langflow,https://i.ytimg.com/vi/WDhP1j5PmVo/maxresdefault.jpg,23273c30-bb80-4f4b-83d4-690d395c1fce,G,Education
2025-02-18,2025-02-18T19:31:24.000Z,5d8d7849-6975-4089-9da9-8243e2d4f070,DataStax AI Hero: Ido Evergreen,https://i.ytimg.com/vi/Z714BwrCshw/maxresdefault.jpg,3d17259a-2fb4-41d5-a9ef-89f86dbfc1fa,G,Education
2025-02-17,2025-02-17T16:43:16.000Z,80718981-6489-4445-b11c-31c21d47a7fe,How to Build an Agent in Minutes,https://i.ytimg.com/vi/6Ri0nLayNP0/maxresdefault.jpg,6fa895f2-5e2a-4c0b-87f4-d918058fad15,G,Tutorial
2025-02-14,2025-02-14T16:49:21.000Z,70b36e3e-a559-40d8-89b8-3e50f03bf8bf,Building Agents with Ollama Using Langflow,https://i.ytimg.com/vi/rXxeyWFhJAw/maxresdefault.jpg,45b5b03c-ce92-4885-9d90-2af751356cc4,G,Education
2025-02-13,2025-02-13T06:12:02.000Z,72b1458f-587a-405e-b93c-7d696f1f280c,Build an AI Agent in Minutes,https://i.ytimg.com/vi/g_8FZVAj9-g/maxresdefault.jpg,d247549d-739e-4f32-8755-120bcf1fa1ce,G,Education
2025-02-11,2025-02-11T17:31:05.000Z,45996de6-130a-4bff-b4f5-dc87f783cb08,DataStax AI Hero: Atila Fassina,https://i.ytimg.com/vi/mMqdXxIYXc0/maxresdefault.jpg,cd3cce8a-637a-4540-a939-06dd9ecf43f6,G,Education
2025-02-10,2025-02-10T18:51:46.000Z,0fb3157f-ff6d-4f2e-9c97-4d0db549240f,"Agents Are Not a Secret Anymore | Kiyu Gabriel, Langflow",https://i.ytimg.com/vi/ccXlm34nGbk/maxresdefault.jpg,b85cc456-a668-4e9b-a3c9-fe874ab57cd4,G,Education
2025-02-10,2025-02-10T18:51:43.000Z,25aad1bb-5ccf-450c-94e0-4c592609630d,"This is Your Internet on AI: From APIs to Agents | Rachel Lee Nabors, AgentQL",https://i.ytimg.com/vi/LIznJTG5-W8/maxresdefault.jpg,fdeae504-7b3c-4140-949b-76f960d972f3,G,Education
2025-02-10,2025-02-10T18:51:35.000Z,9857e553-480d-46bd-a1cb-acf9fe5d4098,"From AI to Action: Supercharging Your Apps with Autonomous Agents | Karan Vaidya, Composio",https://i.ytimg.com/vi/MMfaaYs9jPk/maxresdefault.jpg,119a651b-bdd1-404b-9a29-fcfd6feb726e,G,Education
2025-02-10,2025-02-10T18:51:30.000Z,d9a478ac-af75-497f-bd50-89af07429ffe,"Why Agentic AI Needs Faster Inference | Vasanth Mohan, SambaNova",https://i.ytimg.com/vi/ekB2HKu8__M/maxresdefault.jpg,d4df1838-8494-4adf-95be-a508501511b4,G,Education
2025-02-10,2025-02-10T18:51:27.000Z,988b99c6-f9ac-4142-8e50-a9b351e7c57d,"Multi-Agent Systems for Enterprise Workflows | Brendon Geils, Athena Intelligence",https://i.ytimg.com/vi/ECxZBb5ys_Y/maxresdefault.jpg,3a4348ea-6363-4b28-8d70-8576b6b1efdb,G,Education
2025-02-10,2025-02-10T18:51:23.000Z,1a87a65b-2f0a-4d6a-be82-d3925994a470,"KISS (Keep It Stupid Simple) in Production | Anish Maddipoti, NVIDIA",https://i.ytimg.com/vi/RV8rWXTgKi8/maxresdefault.jpg,b7c9b247-fda0-46f7-8d42-57bd220af0f1,G,Education
2025-02-10,2025-02-10T18:51:14.000Z,558968ce-9f13-492e-9437-e5595830bc68,"Welcome to Hacking Agents | Carter Rabasa, DataStax",https://i.ytimg.com/vi/a8fr4DNUktI/maxresdefault.jpg,255a0183-eedb-47bc-9a23-a284c238fc66,G,Education
2025-02-10,2025-02-10T15:28:00.000Z,c2d82165-110d-4b59-a1c5-eb4665ab4283,DataStax x Valentines: AI-Generated Poems & Giveaway! ðŸ’˜,https://i.ytimg.com/vi/3_bjqb_Kkwc/maxresdefault.jpg,b85cc456-a668-4e9b-a3c9-fe874ab57cd4,G,Education
2025-02-06,2025-02-06T22:00:20.000Z,3c0ffc58-d03d-45e0-9546-e375e5fb2563,Using Ollama with Agents in Langflow,https://i.ytimg.com/vi/bZDk5sgMLsk/maxresdefault.jpg,4d77290e-fed3-4d36-9676-c4988b819bec,G,Education
2025-01-31,2025-01-31T03:49:59.000Z,6b85b5a2-ae1a-465d-8c9c-53d4bc820c98,Workshop: Building Your First AI Agent with Langflow,https://i.ytimg.com/vi/mn1ZnlqnQlg/maxresdefault.jpg,936e23e3-8b8c-4961-a84d-4ad15bdd114a,G,Education
2025-01-29,2025-01-29T05:49:33.000Z,5b24299f-d5d5-4ee0-bc02-821e0a723ff1,"Build GenAI Applications with Cassandra, AWS & Langflow",https://i.ytimg.com/vi/9JXdDz9HE6A/maxresdefault.jpg,bdc0da8a-5f48-49a1-9a91-bfb9bb2f0031,G,Education
2025-01-27,2025-01-27T17:36:48.000Z,e472ab3f-cca0-42e4-9f11-4f617f0cd5a1,How to Use the Langflow API in Node.js,https://i.ytimg.com/vi/DwvZzqj4tUc/maxresdefault.jpg,86857a9f-8599-440e-b8e6-71d95a9243d8,G,Tutorial
2025-01-25,2025-01-25T20:15:04.000Z,5ef3356b-74b3-4560-9aae-2ca9352e9314,Announcing Langflow.new: Frictionless AI,https://i.ytimg.com/vi/hqNik2yOCJI/maxresdefault.jpg,1f94f5ef-b3c7-4e56-b874-7f4e9a4bf8b9,G,Education
2025-01-22,2025-01-22T19:12:17.000Z,2002307e-b26a-47b6-ba43-ecc98f99b707,How to Build an AI Resume Assistant in 15 minutes with Langflow and Astra DB!,https://i.ytimg.com/vi/UJDZHMRHeoY/maxresdefault.jpg,a18f7073-9f8a-4d77-b8b5-0dba3760aedc,G,Tutorial
2025-01-19,2025-01-19T17:08:19.000Z,79577345-9470-41e2-93d1-311b10a1f8ae,Build AI Agents with Langflow,https://i.ytimg.com/vi/1xngLFc6Sts/maxresdefault.jpg,23273c30-bb80-4f4b-83d4-690d395c1fce,G,Education
2025-01-17,2025-01-17T16:46:21.000Z,437cf0e3-0992-4673-b7a8-7126cf56f9c1,Learn How to Build an AI Agent,https://i.ytimg.com/vi/UD-XqRy2vG4/maxresdefault.jpg,9cb03d65-af57-4c16-9a7c-c77fa12bc31e,G,Tutorial
2025-01-16,2025-01-16T17:15:02.000Z,fd429afb-0205-4a08-b3f4-c5b298ad8cb1,Get Started with Astra DB Using TypeScript Quickstart,https://i.ytimg.com/vi/ifdJgIJzFEk/maxresdefault.jpg,ab251b59-bc21-4742-bfc8-22fc165a0690,G,Education
2025-01-16,2025-01-16T06:04:38.000Z,619c25b8-f56b-4e6f-aff3-861756d89ec8,Build Smarter GenAI Apps with Graph RAG,https://i.ytimg.com/vi/ugkT3Yo7lSA/maxresdefault.jpg,9656e360-6524-4a65-b319-aa1b74064e8b,G,Education
2025-01-15,2025-01-15T05:53:04.000Z,bdef3660-fe95-4690-9b3c-59d43b4dd35b,Hands-on With Apache Cassandra ACID Transactions,https://i.ytimg.com/vi/pAFWepzgMa4/maxresdefault.jpg,83c5859b-eca4-429a-ad41-00f700b9c435,G,Education
2025-01-13,2025-01-13T17:25:58.000Z,751bffa8-35e9-4772-9fb1-2397f36e50f7,How to Create Your First AI Agent,https://i.ytimg.com/vi/NuxsHifAQa4/maxresdefault.jpg,eda3ef3a-d35f-4242-a78f-3c6656cce450,G,Tutorial
2025-01-09,2025-01-09T22:00:56.000Z,e022f713-93a4-4ca6-a47d-075d9e6f3225,How to Use Freeze Path in Langflow,https://i.ytimg.com/vi/_EtKx4LwNFM/maxresdefault.jpg,cd73fc03-f7f6-4a63-bdec-b4f4d968eaea,G,Tutorial
2025-01-09,2025-01-09T22:00:04.000Z,21ccf93c-4e84-4b0c-a998-9c6ba141f807,How to Use Structured Outputs in Langflow,https://i.ytimg.com/vi/kkIpwBIfyBo/maxresdefault.jpg,d09aae53-d967-4fa9-af49-95b767c8e786,G,Tutorial
2025-01-09,2025-01-09T06:07:36.000Z,8609cc83-6dd6-489f-9c9d-92caf226025c,How to Build an AI Resume Assistant,https://i.ytimg.com/vi/SNgv-AQ9T_M/maxresdefault.jpg,86857a9f-8599-440e-b8e6-71d95a9243d8,G,Tutorial
2025-01-02,2025-01-02T23:28:02.000Z,3e5f883f-2fff-4734-aadd-61e52f6b8133,How to Scrape Web Content for RAG with Readability.js,https://i.ytimg.com/vi/D8A11vqshv8/maxresdefault.jpg,b17f3355-2df9-476b-8f3b-1232a00e547f,G,Tutorial
2025-01-02,2025-01-02T23:27:54.000Z,9ac7f508-357c-4446-a425-db42d2fddb6f,"How to Scrape Web Pages for RAG with Readability.js, LangChain.js and Astra DB",https://i.ytimg.com/vi/mZwVXQM5oKw/maxresdefault.jpg,02119aad-64cf-42af-9c1a-a468f6b608c3,G,Tutorial
2024-12-30,2024-12-30T19:21:01.000Z,0a21615d-8dc7-4de7-9155-086924fccd4e,How to Build Applications with Langflow and Enterprise Cassandra,https://i.ytimg.com/vi/xo7ZJTFRLgE/maxresdefault.jpg,601c0c09-4e92-4d58-8cfa-ee1fe70e7b35,G,Tutorial
2024-12-23,2024-12-23T15:55:38.000Z,f0981677-db7a-4b96-80bf-340dd0bdefd9,How We Built an AI Movie Quiz App,https://i.ytimg.com/vi/spBQ1wOwADo/maxresdefault.jpg,9656e360-6524-4a65-b319-aa1b74064e8b,G,Education
2024-12-19,2024-12-19T16:35:52.000Z,73498cbc-948f-4ba2-9202-38f83e04c095,How to Run AI Models Locally with Langflow and Ollama,https://i.ytimg.com/vi/kFEMtax1yd4/maxresdefault.jpg,61ed238d-53fd-4923-a1d9-6fffe5f1ec68,G,Tutorial
2024-12-19,2024-12-19T16:35:47.000Z,09590828-adf8-4885-a3f0-76ec67c3ba69,How to Build a Basic Agentic Workflow using DataStax Langflow,https://i.ytimg.com/vi/LuJ_FM1l1OA/maxresdefault.jpg,dd919cc2-cb00-4df2-8a23-4aee419acea7,G,Tutorial
2024-12-19,2024-12-19T11:17:06.000Z,5d8e65a6-cf5e-495b-a0bc-80c0abac25d7,How to Chat with Your PDFs,https://i.ytimg.com/vi/C7TvRy-UeYU/maxresdefault.jpg,bdc0da8a-5f48-49a1-9a91-bfb9bb2f0031,G,Tutorial
2024-12-19,2024-12-19T06:07:30.000Z,5bc07c96-0860-49a6-9428-b9f08b6c9b04,Build GenAI Apps with RAG: Master Vector Storage and Search,https://i.ytimg.com/vi/B9aniHmuMpM/maxresdefault.jpg,6c1a0d32-f1ea-4b32-8d59-97c85ad0fc15,G,Education
2024-12-18,2024-12-18T09:40:22.000Z,5407830e-a931-4c47-bac8-a5cfc6726bbc,Agentic RAG Explained,https://i.ytimg.com/vi/MYPDsV_825U/maxresdefault.jpg,82b702a6-960b-4148-afdb-90178dca63e7,G,Education
2024-12-18,2024-12-18T09:37:42.000Z,80b860c9-62a0-42b1-987e-c814cbba2733,Announcing DataStax's 12 Days of Codemas,https://i.ytimg.com/vi/VaiUXPdl1eM/maxresdefault.jpg,00ef528f-ffd6-461e-979d-1eb3d382ef29,G,Education
2024-12-18,2024-12-18T05:46:59.000Z,a085f29b-89f3-401d-82eb-2b3527dcf455,Building Applications on EKS Cassandra,https://i.ytimg.com/vi/X6q97ph7D78/maxresdefault.jpg,edbf0dd0-83c3-44b8-b50e-de0b9fd520ca,G,Education
2024-12-13,2024-12-13T16:50:19.000Z,55e23258-1dd8-4ad1-9601-d2420f892039,When to use Graph RAG,https://i.ytimg.com/vi/ptJ_XlEFnCo/maxresdefault.jpg,9f3ead8f-decb-4f65-9304-3977639e3023,G,Education
2024-12-12,2024-12-12T07:14:49.000Z,02f73d51-3542-42bc-b3e5-e005f2b9efd8,"Multi-Agent Applications: Team Reasoning, Tools, and Tasks",https://i.ytimg.com/vi/E-_elbSWNWA/maxresdefault.jpg,2ea79d13-3e65-4208-9711-a3ab26dc6422,G,Education
