userid,created_date,email,firstname,lastname,account_status,last_login_date
7777b733-a6b8-47e7-83ad-bc2739ae9954,2025-04-29T03:55:08.964Z,johnsonjoshua@example.org,Donald,Garcia,active,2025-10-21T23:04:18.055Z
b87ff4b3-a1dd-419b-a65d-f3969dfc7526,2025-04-11T03:47:59.791Z,johnsonjeffery@example.net,Carolyn,Hoffman,active,2025-10-26T15:21:42.331Z
a9813d8f-eaec-4e90-8f4b-f9f4a01939ef,2024-09-08T19:57:37.984Z,zlawrence@example.org,Katherine,Moore,active,2025-10-13T22:28:30.517Z
20171dbe-e402-4f1e-8e3a-ea524c4177a0,2025-06-16T17:04:23.675Z,curtis61@example.com,Melanie,Munoz,active,2025-10-27T11:48:52.791Z
caa4c108-872a-4cbb-956e-44c9e29eb987,2024-12-30T20:44:54.453Z,smiller@example.net,Christine,Hensley,active,2025-10-26T17:41:58.199Z
bb3b6846-0806-4182-a883-fef88b0f23ce,2024-10-01T07:51:34.423Z,kendragalloway@example.org,Michelle,James,active,2025-10-30T14:58:02.225Z
de214ef7-4edf-4ce4-bb0b-4e499b39c8ec,2024-05-01T22:47:43.469Z,jason41@example.net,Cynthia,Ferguson,active,2025-10-19T11:14:06.469Z
1f94f5ef-b3c7-4e56-b874-7f4e9a4bf8b9,2024-06-22T13:15:33.115Z,gabriellecameron@example.org,Jeremy,Johnson,active,2025-10-13T15:10:52.350Z
7b2dd02d-4bb1-423f-b5a2-6f8db56f6c56,2024-05-03T06:38:34.301Z,jason76@example.net,Stephen,Baker,active,2025-10-22T10:35:34.203Z
67f7b8b3-ff28-4f69-8763-3f19cda1627d,2024-11-11T07:39:29.469Z,zhurst@example.com,Jeffrey,Bright,active,2025-10-08T07:51:45.196Z
e654cfeb-f067-4610-acf6-12f1fb3ceb50,2024-08-09T21:15:14.153Z,hernandezernest@example.net,Robert,Brown,active,2025-11-04T11:36:54.617Z
8e8fda47-0303-43a3-87cf-a7f7c23e00cc,2024-07-10T14:40:51.192Z,frazierdanny@example.net,Karen,Mack,active,2025-10-14T09:43:40.333Z
d08d504e-ba33-4d5e-bbef-c85a65f6d469,2024-11-09T23:19:09.155Z,mckaynancy@example.com,Teresa,Gill,inactive,2025-10-08T19:01:24.852Z
255a0183-eedb-47bc-9a23-a284c238fc66,2025-09-06T01:28:29.440Z,ericfarmer@example.net,Stephanie,Nielsen,active,2025-10-23T13:38:52.362Z
9f6f4b21-d3cc-49bc-a7ac-303ba89eb728,2024-12-23T13:31:02.579Z,hickmannatasha@example.com,John,Allen,active,2025-10-07T23:06:46.269Z
ece1919c-ec0d-4970-bcc4-eca713a9785f,2024-12-10T17:46:49.703Z,spenceamanda@example.org,David,Alvarez,active,2025-10-13T13:14:54.782Z
9c6415ed-e0f0-4b8c-bfed-97e4795afb24,2024-08-22T13:49:45.354Z,ibrandt@example.net,Hannah,Marquez,active,2025-10-25T18:01:20.599Z
e27435cb-e8b8-4abd-966f-c71628fb9973,2024-04-21T05:08:55.732Z,omartinez@example.org,Matthew,Chapman,active,2025-10-12T04:57:51.460Z
62399ada-a66e-4c99-b6ab-e944e7cb8283,2025-03-07T19:05:06.279Z,perezrebecca@example.com,Chad,Young,active,2025-10-12T00:39:29.804Z
07ddfb9a-deb2-4387-9361-b36cf5cd7404,2024-09-14T23:52:12.731Z,esanchez@example.com,James,Davis,active,2025-10-18T07:23:03.790Z
9f3ead8f-decb-4f65-9304-3977639e3023,2025-06-11T22:29:29.017Z,nuneztracey@example.org,Bruce,Chandler,active,2025-10-08T21:04:53.331Z
2ea79d13-3e65-4208-9711-a3ab26dc6422,2023-12-30T04:29:58.041Z,ltaylor@example.com,Steven,Baxter,active,2025-10-29T20:11:01.658Z
86857a9f-8599-440e-b8e6-71d95a9243d8,2025-07-17T01:48:50.470Z,williamsyvette@example.org,Tanya,House,active,2025-10-10T14:09:06.398Z
e56a738d-7fa4-4810-a297-c8ec3b01348b,2024-05-16T20:18:01.786Z,michellebarrera@example.org,Nicholas,Galloway,active,2025-10-29T02:56:19.000Z
bb8e22da-e059-451d-8fce-a78e54e09038,2024-03-22T20:05:09.728Z,uhorton@example.net,Dorothy,Tucker,active,2025-10-12T03:09:08.728Z
f7bd5404-dc01-41d5-91b3-6756094ffb6e,2024-11-27T02:20:10.466Z,adkinsbrian@example.net,Thomas,Calhoun,active,2025-10-07T07:21:39.870Z
dc08cfa8-5f55-4264-8a80-914ff835f18f,2024-12-25T06:09:49.046Z,caseyjones@example.org,Richard,David,active,2025-10-22T23:13:46.197Z
a4d59ee8-e38b-4bf7-8a1e-ae2efcb3f977,2025-03-08T08:12:07.556Z,barnesbrandy@example.net,Leslie,Green,active,2025-10-15T00:37:12.572Z
30ab73cd-d7de-47a6-bbbe-6641208a3387,2023-11-11T22:12:06.827Z,emilyevans@example.com,Sarah,Walls,active,2025-10-24T05:38:32.790Z
3771134d-a0de-4b06-a1fa-bcb292f22299,2023-12-25T08:54:14.673Z,jonesjason@example.com,David,Bailey,active,2025-10-12T22:17:33.207Z
c5b9f9dd-f0b7-4179-ad96-3306a0fdb654,2025-02-24T20:05:12.016Z,tbass@example.com,Cheryl,Archer,suspended,2025-10-05T20:02:25.493Z
445cc34e-9262-48e0-b01b-f0de3548a7fc,2024-12-13T05:44:20.768Z,sarah12@example.com,Darrell,Rodriguez,active,2025-10-13T18:29:54.566Z
dd919cc2-cb00-4df2-8a23-4aee419acea7,2023-12-12T05:28:10.552Z,james48@example.com,John,Odonnell,active,2025-10-24T15:05:33.287Z
1dfc4340-07a3-431e-a655-b89d84c8be11,2024-09-22T20:56:09.206Z,smithkellie@example.net,Tina,Martin,active,2025-10-26T18:29:18.022Z
4d77290e-fed3-4d36-9676-c4988b819bec,2025-01-03T15:09:57.214Z,jonesnicole@example.org,Amy,Davenport,active,2025-10-10T01:02:07.092Z
66e5f9bb-db6c-4a90-9145-11d0306bf60e,2024-07-20T11:24:42.602Z,michael05@example.org,Evelyn,Estrada,active,2025-10-22T09:31:26.081Z
ad915a6b-5ddf-433e-9dd8-50175154884b,2025-08-09T23:27:12.953Z,sarayoung@example.org,Theresa,Cochran,active,2025-10-06T08:15:14.250Z
d03a0559-5de9-4892-9fed-e90f0f4abe86,2024-08-10T13:25:32.297Z,kimberly63@example.com,Erik,Haynes,active,2025-10-06T18:17:22.183Z
14549f3c-934c-4498-9aa1-9ac2b75fb8f2,2024-04-15T23:04:35.054Z,lisastevens@example.com,Lori,Savage,inactive,2025-10-25T09:37:54.009Z
d4df1838-8494-4adf-95be-a508501511b4,2025-07-13T09:33:01.205Z,michelle45@example.net,William,Frazier,active,2025-10-15T12:50:08.458Z
89c51063-7144-44d7-8bdf-e484d792dd71,2025-06-01T14:10:08.805Z,gregory40@example.org,Candace,Reed,active,2025-10-18T16:36:40.946Z
f9a882ac-252a-4057-bd04-6a7e249d2f91,2024-11-18T21:52:54.361Z,cruzbarbara@example.com,Bradley,Graham,active,2025-10-29T19:05:44.174Z
936e23e3-8b8c-4961-a84d-4ad15bdd114a,2025-03-03T17:04:42.908Z,michaeljones@example.net,Samantha,Hanson,active,2025-10-09T08:08:16.818Z
642e371c-7fad-4eaa-8c8b-df66a101fbc5,2024-09-07T05:57:03.914Z,elizabeth56@example.net,Kenneth,Martinez,suspended,2025-11-02T19:28:10.634Z
3d17259a-2fb4-41d5-a9ef-89f86dbfc1fa,2024-04-06T15:42:34.997Z,christinaturner@example.net,Martha,Torres,active,2025-10-29T04:09:14.880Z
be90590a-ea82-4bb4-b84d-1343799315fe,2025-06-08T14:24:42.409Z,steven73@example.net,Thomas,Santana,active,2025-10-10T16:35:08.098Z
e727c460-659d-4e52-8965-bfef75da54c6,2023-12-08T21:05:04.202Z,clarence34@example.org,Lindsay,Hernandez,active,2025-11-04T02:50:30.171Z
ff20c323-3c10-4733-bb79-a6adaefe1f61,2024-10-31T06:04:15.613Z,gibsonolivia@example.net,James,Horton,active,2025-10-12T22:04:35.667Z
7b999356-64d2-44c8-bdc6-81a6f002c3b3,2025-06-14T12:09:20.892Z,staffordmichelle@example.org,Kimberly,Robinson,suspended,2025-10-26T11:27:51.324Z
b9e20a89-95c7-4627-8fa4-ab47c0b87694,2025-10-26T18:08:38.675Z,samanthamartinez@example.org,Laurie,Contreras,inactive,2025-10-23T11:08:00.409Z
61edee86-8a1e-44f2-b885-2e970828adcf,2024-09-25T20:25:52.270Z,usalazar@example.net,Ronald,Meadows,active,2025-10-10T09:00:05.296Z
dfeb9325-c435-4916-88cc-de34a2372195,2024-10-24T02:36:36.268Z,pgreen@example.net,Joshua,Strickland,active,2025-10-12T18:39:53.279Z
cd73fc03-f7f6-4a63-bdec-b4f4d968eaea,2024-08-10T22:04:43.203Z,jimmy55@example.net,Christopher,Hernandez,active,2025-10-10T04:25:39.250Z
d09aae53-d967-4fa9-af49-95b767c8e786,2024-09-07T00:38:32.144Z,irussell@example.com,Robert,Clark,active,2025-11-01T17:53:29.335Z
e813a899-e18e-40c9-bbcc-9065a4ca6244,2024-06-10T06:01:17.274Z,gateskathy@example.com,Thomas,Bender,active,2025-10-17T07:11:53.391Z
1ee33399-56ab-46e6-a85a-bc0e29ec69ca,2024-10-26T18:17:33.460Z,vmedina@example.net,Lauren,Hurst,active,2025-10-13T18:55:16.328Z
ecffd200-be26-42a1-b171-9305f8dba5cb,2025-09-06T19:51:00.328Z,rrogers@example.com,Jennifer,Pittman,active,2025-11-04T00:31:39.365Z
c47e9127-d184-4824-a685-77329465e9c7,2025-07-30T08:06:34.759Z,qvargas@example.org,Christopher,Patterson,inactive,2025-10-11T01:15:09.636Z
7fff0459-0b5c-4d58-b69d-7c5a05b794c8,2024-09-08T01:33:35.889Z,jason55@example.com,Joshua,Bean,active,2025-10-30T15:32:37.091Z
c81c196d-ffcf-43e8-bb38-b59271ddd97e,2023-12-04T12:40:26.836Z,cookemichael@example.net,Casey,Bernard,active,2025-10-06T12:44:57.757Z
6fa895f2-5e2a-4c0b-87f4-d918058fad15,2024-04-12T08:08:14.949Z,howelljohn@example.com,Elizabeth,Elliott,active,2025-10-26T14:01:21.205Z
a8d2e23a-fce5-49d8-8d5f-680750de8081,2025-10-09T19:54:33.496Z,catherinestuart@example.net,Danny,Weiss,active,2025-10-08T20:14:19.959Z
33af9d33-6deb-47ea-aee8-9655190569b8,2025-07-03T20:04:15.552Z,barbara66@example.net,James,Vargas,active,2025-10-12T21:15:33.594Z
ab251b59-bc21-4742-bfc8-22fc165a0690,2024-09-13T01:00:19.743Z,melissa91@example.net,Kimberly,Reed,active,2025-10-16T17:13:07.711Z
82b702a6-960b-4148-afdb-90178dca63e7,2025-08-17T09:33:10.732Z,alexander67@example.org,Ryan,Cox,active,2025-10-19T09:25:12.388Z
67cc0481-7571-4591-81ca-a464cd2962b5,2025-05-23T23:31:47.488Z,jessicasheppard@example.com,Christina,Gillespie,active,2025-10-19T13:07:00.816Z
94abb720-b044-41d8-ae25-80c09eef6d49,2024-10-09T13:56:00.795Z,marcus31@example.com,Nicole,Sanchez,active,2025-10-23T21:50:47.777Z
30c19a00-907c-4d7c-9e4d-d765280b7956,2024-07-10T17:32:42.048Z,snydermark@example.com,Jason,Salinas,active,2025-11-01T00:14:17.387Z
6965008c-ca89-4dc9-8572-0b1d7ee7d1a9,2024-12-14T15:58:14.284Z,angela83@example.org,John,Russell,active,2025-10-12T19:26:27.642Z
95955bc0-c8a1-4253-b9bc-98d86fd6ad81,2024-04-30T20:23:49.647Z,bwest@example.org,Kelly,Sullivan,active,2025-10-25T12:27:32.375Z
a681339f-20bb-48b0-a16d-d6fe8f730789,2024-05-06T18:22:34.878Z,ronald85@example.com,Jacqueline,Nelson,active,2025-10-09T05:16:48.053Z
b9e7fea1-57bf-481e-90d2-789965b0b1e6,2024-10-23T19:37:29.976Z,newtonstephanie@example.net,Jacob,Robinson,active,2025-10-27T08:06:32.322Z
514b0c9d-dbc5-442e-9466-ae00110d79ce,2025-04-05T07:31:40.873Z,tina34@example.org,Michael,Turner,active,2025-10-09T09:32:51.031Z
4ea57681-2b3c-4c5e-bcfc-ce7f965bcf40,2024-01-19T01:24:18.573Z,tranheidi@example.org,Dana,Mullins,active,2025-10-05T23:14:19.925Z
e7114baa-4d96-4fdb-a5ca-771bc4208cfd,2024-01-27T11:00:31.561Z,lalexander@example.org,Johnny,Hensley,active,2025-10-07T13:27:18.183Z
d247549d-739e-4f32-8755-120bcf1fa1ce,2024-12-16T18:45:22.844Z,hernandezlisa@example.com,Christopher,Wright,suspended,2025-10-18T02:03:11.063Z
c4e9cd71-28ef-45da-81e1-765b03e447a8,2024-09-13T08:55:35.856Z,kimberlyjames@example.com,Kenneth,Chapman,active,2025-10-22T15:49:15.587Z
f87a23a0-72d0-4518-84f0-37b500fb4421,2024-04-28T08:05:20.174Z,mezajared@example.org,Joseph,Miller,active,2025-10-22T03:50:31.900Z
1a7c4747-5e72-46aa-b8a0-6929a2138141,2025-04-04T12:53:52.974Z,mhayes@example.com,Kelly,Hall,active,2025-10-26T16:33:31.750Z
4a67481c-0b3d-49fe-ba8f-cac448641c6a,2024-03-28T14:57:33.408Z,sandrafrench@example.net,Brittany,Lara,active,2025-10-09T01:02:48.175Z
e030d06c-f12b-4864-9caf-288787175c19,2025-01-12T18:54:51.188Z,rebekahserrano@example.org,Brian,Sparks,active,2025-10-30T07:51:38.861Z
2f6e05b2-93ec-4278-b7dd-41980a51a61e,2024-11-04T16:55:32.737Z,smartinez@example.com,Holly,Bender,active,2025-10-20T09:56:25.208Z
c2f2a119-de91-4739-9690-62771077a745,2025-10-07T18:39:05.414Z,prestonjessica@example.net,John,Davis,active,2025-10-30T16:17:52.727Z
22a94842-d16b-48dc-809f-838e0f8c3390,2024-03-12T02:14:51.102Z,keyemily@example.com,Barbara,Hines,active,2025-10-21T04:03:42.275Z
aa792c9b-85bd-4713-9788-5d6421ad2744,2024-10-13T10:53:03.902Z,howard96@example.net,Lisa,Costa,active,2025-10-17T20:25:06.258Z
00ef528f-ffd6-461e-979d-1eb3d382ef29,2024-08-23T15:25:28.171Z,hodgemark@example.net,Tyler,Bates,inactive,2025-10-28T09:58:03.409Z
55b6e4d2-9a50-4a04-b1fb-ec162e39a936,2023-11-05T23:04:03.863Z,edwardsmarcus@example.com,Michelle,Bryan,active,2025-10-31T16:21:08.519Z
83c5859b-eca4-429a-ad41-00f700b9c435,2024-04-01T19:34:23.176Z,lopezmichael@example.com,Colleen,Wolf,active,2025-10-22T01:50:45.304Z
f1482c80-abd4-4523-b6ae-edc71c8047cb,2025-06-11T00:04:20.924Z,fgilmore@example.org,Anthony,Mccoy,active,2025-10-26T21:27:05.082Z
a7f331e5-7fb0-46b0-8f2a-5a29f74a7973,2025-07-04T23:37:20.897Z,tranchristopher@example.org,Steven,Wilson,active,2025-10-20T13:14:17.308Z
eb9dc77b-ae77-4964-9d83-140131519965,2024-03-23T08:34:38.309Z,robert77@example.org,Stephen,Thomas,active,2025-10-23T13:57:34.735Z
23273c30-bb80-4f4b-83d4-690d395c1fce,2024-05-18T06:49:50.389Z,michellehill@example.com,Matthew,French,suspended,2025-10-05T16:15:17.152Z
b7c9b247-fda0-46f7-8d42-57bd220af0f1,2025-05-15T09:12:19.378Z,cgrimes@example.net,Todd,Cook,active,2025-10-16T21:59:56.460Z
6bf21c7c-b1d1-43a6-92bd-6b5e25667308,2023-12-07T00:05:28.589Z,tinaallen@example.com,Jesus,Rowe,active,2025-10-27T22:35:43.752Z
50d9c22a-cbcb-46ab-aeb7-74a5f1e10bef,2023-12-02T03:53:52.204Z,qhughes@example.net,Tina,Simpson,active,2025-10-20T16:03:26.661Z
a4ddff95-cbff-4740-ae79-b8574899bffe,2024-02-18T10:09:04.809Z,sawyerscott@example.net,Renee,Smith,active,2025-10-31T17:28:46.261Z
4ee809d9-b738-4335-bc8a-760fc6839af9,2024-01-02T18:56:14.736Z,harrisontanya@example.com,Cindy,Sanders,active,2025-10-15T10:58:30.006Z
5a1ca16f-e784-4891-900a-00c3fe383d1b,2024-12-04T07:43:14.968Z,ofinley@example.net,Paige,Freeman,active,2025-10-24T02:58:42.924Z
119a651b-bdd1-404b-9a29-fcfd6feb726e,2024-01-17T12:55:56.897Z,wendy16@example.org,Kathleen,Padilla,active,2025-10-10T14:11:25.527Z
3a4348ea-6363-4b28-8d70-8576b6b1efdb,2024-05-01T12:02:23.798Z,williamslaura@example.com,Michael,Jordan,suspended,2025-10-17T23:05:06.133Z
45b5b03c-ce92-4885-9d90-2af751356cc4,2025-09-01T22:10:04.543Z,georgemiller@example.com,Christine,Allen,inactive,2025-10-09T21:27:09.130Z
bc9a061d-f1e2-4ccc-a39b-9aedf110dad9,2024-09-22T19:04:56.329Z,steve07@example.com,Erica,Moore,active,2025-10-15T23:12:54.098Z
b17f3355-2df9-476b-8f3b-1232a00e547f,2024-10-23T02:15:34.431Z,dvaughn@example.com,James,Cruz,active,2025-10-12T17:11:45.179Z
6c1a0d32-f1ea-4b32-8d59-97c85ad0fc15,2025-07-29T00:50:02.982Z,victoria40@example.net,Randy,Smith,active,2025-10-28T22:47:31.708Z
fdf578cd-33ab-47a1-b3ec-186f27617c2e,2025-02-12T03:46:00.618Z,swall@example.org,Catherine,Gomez,active,2025-10-24T05:26:57.894Z
eda3ef3a-d35f-4242-a78f-3c6656cce450,2023-11-29T11:49:07.408Z,courtneyberger@example.net,Benjamin,Kramer,active,2025-10-16T13:06:28.316Z
1f8a537c-a6d7-4b4a-b206-235f2087961d,2025-10-14T18:34:36.482Z,mark62@example.org,David,Ryan,active,2025-10-21T12:37:17.352Z
fdeae504-7b3c-4140-949b-76f960d972f3,2025-08-01T22:16:10.121Z,jonathansummers@example.com,Tammy,Phillips,inactive,2025-10-29T17:27:18.740Z
d6f6d064-01bb-48e1-be4f-3aeb414f608d,2025-10-11T16:35:48.112Z,taylortammy@example.net,Jennifer,Whitney,active,2025-10-29T17:42:39.173Z
1ff37ab2-07b5-4e18-b866-f942b720dd1c,2025-03-10T06:02:38.088Z,ismith@example.org,Shawn,Chambers,active,2025-10-23T03:17:27.757Z
43a72cd1-96c1-416f-a303-5d0eb55120fb,2024-07-01T17:20:11.283Z,daniel37@example.org,Christine,Hahn,inactive,2025-10-23T21:40:01.051Z
7801c448-0ed4-4ec3-8c21-345382948940,2025-09-26T08:17:26.760Z,tblankenship@example.net,Ricky,Taylor,active,2025-10-14T17:33:01.002Z
08b2ae67-99e0-43fa-96f2-db6f5db474df,2025-04-30T23:15:49.251Z,youngamanda@example.com,Shawn,Santiago,active,2025-11-02T23:30:32.830Z
15222783-f734-49db-9109-dd558ff1e13e,2024-05-27T11:09:27.498Z,nicolepena@example.com,Christina,Crosby,active,2025-10-26T07:24:35.480Z
9cb03d65-af57-4c16-9a7c-c77fa12bc31e,2025-08-24T18:59:34.655Z,xsampson@example.org,Tina,Richardson,active,2025-10-24T22:40:59.090Z
d0de539b-a018-4fa3-8053-f8a0116735aa,2025-01-14T07:45:50.796Z,james17@example.org,Elizabeth,May,active,2025-10-06T05:47:06.522Z
61ed238d-53fd-4923-a1d9-6fffe5f1ec68,2024-04-04T10:40:16.892Z,vanessabuchanan@example.org,Casey,Hubbard,active,2025-10-12T01:53:33.904Z
bce91e95-e356-4a55-beed-102efaa374a0,2024-02-08T01:50:50.748Z,kim90@example.com,Michele,Thomas,active,2025-10-13T02:52:43.677Z
cd3cce8a-637a-4540-a939-06dd9ecf43f6,2024-05-16T23:11:00.806Z,andersonmichael@example.org,Brianna,Smith,active,2025-10-09T09:40:26.145Z
bdc0da8a-5f48-49a1-9a91-bfb9bb2f0031,2024-11-07T03:56:45.040Z,reesethomas@example.com,William,Rodriguez,active,2025-11-02T23:06:25.346Z
c8262dfe-a0a2-4457-a367-0b77c7b4b1a7,2024-01-22T23:37:21.914Z,stephen00@example.com,Melanie,Simmons,active,2025-10-26T23:20:12.208Z
4a626541-39ca-4407-802e-08a82fa27f5f,2024-12-09T16:24:34.446Z,morriseddie@example.org,Joshua,Schultz,active,2025-10-15T08:32:28.669Z
4e9b807a-c959-4540-a3bd-1c78dade7a2b,2025-02-25T09:00:03.912Z,shawn96@example.org,Laura,Wilson,active,2025-10-31T22:21:22.504Z
2a8018d2-34b8-4b44-968e-a9fc035ae052,2024-09-03T23:49:07.144Z,russellbeasley@example.com,Matthew,Chavez,active,2025-10-08T10:52:10.495Z
e34239e7-c820-48a6-b1f7-4a2934c6fc39,2024-09-15T14:20:22.561Z,nicholas27@example.org,Christopher,Miller,active,2025-10-27T22:30:42.608Z
e0b573b5-bf2b-4232-bcc0-8b63a46877e5,2024-08-31T04:59:15.151Z,angelawillis@example.net,Anna,Santiago,active,2025-10-31T19:24:18.308Z
37e22549-6ab4-4578-8372-5eeb86205f36,2024-07-18T23:46:47.694Z,uparrish@example.org,Tanya,Burke,active,2025-10-22T22:30:32.799Z
5b0f26c1-26f0-4e37-b213-66c33a01c504,2025-05-15T04:31:25.198Z,gwalker@example.com,Megan,Richardson,suspended,2025-10-22T19:45:35.211Z
b8bf2c0a-19c8-452c-b288-a1616699941f,2025-04-01T10:15:55.325Z,lynchdiane@example.net,Joseph,White,active,2025-10-14T20:52:36.313Z
601c0c09-4e92-4d58-8cfa-ee1fe70e7b35,2025-02-09T15:21:20.091Z,whitedouglas@example.net,Richard,Thomas,active,2025-10-06T12:28:51.199Z
ffd032c3-4d2b-4385-92e4-5bb6b3bfb5da,2025-05-25T13:59:49.149Z,nicholaschavez@example.org,Mitchell,Griffith,active,2025-10-22T15:04:30.498Z
9656e360-6524-4a65-b319-aa1b74064e8b,2025-03-02T15:40:45.154Z,moorekaren@example.org,Emily,Nelson,active,2025-10-20T04:05:03.139Z
459a1dee-08d6-433b-9c3d-7915ffb541a3,2025-03-14T17:46:59.242Z,jason81@example.com,Russell,Campbell,active,2025-10-20T04:47:00.096Z
02119aad-64cf-42af-9c1a-a468f6b608c3,2024-04-07T10:08:25.832Z,walkertracey@example.org,Adrian,Turner,active,2025-10-09T17:13:00.615Z
0bc4f06f-cc51-47d9-b4ee-79abbe8052ce,2024-04-21T05:04:42.236Z,david76@example.org,David,Patel,active,2025-10-22T08:41:19.487Z
0778d242-7c90-47f0-8ecb-ddf07636e712,2024-06-20T19:18:59.348Z,charles06@example.org,Steve,Miller,active,2025-10-18T11:29:32.870Z
02028562-4325-46ca-87f1-04b1de31fa69,2025-09-27T08:00:25.178Z,zroberts@example.org,Tammy,Jackson,active,2025-10-19T09:40:39.169Z
1d847b4b-d2bc-435e-aeea-098d3b1f5c5d,2024-08-20T05:16:46.340Z,christopher13@example.com,Brianna,Warren,active,2025-10-14T21:48:19.664Z
2a369eae-878f-4615-abde-f6976b55abd0,2025-08-27T21:05:24.953Z,kimberly18@example.net,Daniel,Hicks,active,2025-10-16T01:57:28.688Z
edbf0dd0-83c3-44b8-b50e-de0b9fd520ca,2025-05-12T15:58:58.481Z,joelthomas@example.org,Glenn,Hernandez,active,2025-10-07T20:39:43.685Z
3125465c-b7cc-41be-9c8d-b2b1cd354e9e,2024-12-21T11:17:12.366Z,kmarshall@example.net,Shane,Glass,active,2025-10-24T15:49:21.243Z
48674078-574f-4724-b5d9-87016ab922a7,2025-01-10T03:22:30.263Z,edward17@example.com,Crystal,Hogan,active,2025-10-16T03:48:22.241Z
503125d6-ccee-4570-8d70-a8c80a784a7d,2025-07-28T10:30:16.317Z,dhayes@example.com,Marie,Jones,active,2025-10-31T06:13:08.418Z
b85cc456-a668-4e9b-a3c9-fe874ab57cd4,2025-06-18T16:11:30.246Z,jford@example.net,Paula,Cole,active,2025-10-25T03:43:50.682Z
f99d80f2-6288-4de6-b331-775d65310862,2024-07-12T23:52:26.449Z,dmason@example.com,Dale,Nolan,active,2025-10-27T00:42:53.903Z
3f1ba7d9-3ec4-43b6-9c55-184507e4d8d7,2024-07-27T22:34:19.689Z,benjaminzimmerman@example.com,Alexandria,Bishop,active,2025-11-02T03:19:20.157Z
a18f7073-9f8a-4d77-b8b5-0dba3760aedc,2024-08-13T11:56:45.111Z,erika05@example.org,Mark,Grant,active,2025-10-13T03:50:41.074Z
a1477824-d051-4590-b751-4b30b983e44a,2025-02-26T08:31:27.077Z,mathewaguilar@example.org,Sabrina,Collins,active,2025-10-25T11:08:42.326Z
c7c379b6-b303-4fcd-a993-8bbd7ea396b6,2025-07-02T15:47:54.924Z,collinsnicholas@example.com,Lisa,Santiago,active,2025-10-27T18:19:31.950Z
04ba4036-77ca-40b3-90b9-f4933eb93a7e,2025-09-29T22:19:53.840Z,lucasrodney@example.com,Andrew,Parker,active,2025-10-15T20:27:18.238Z
