"day","added_date","videoid","name","preview_image_location","userid","content_rating","category"
"2025-04-02","2025-04-02T04:43:20.000Z","42448f39-af06-4408-b293-62cff3c0282a","Accelerating AI Development with DataStax HCD","https://i.ytimg.com/vi/BHnW2WTDTag/maxresdefault.jpg","59300018-f41c-4e91-87e8-5e2f7b2840cf","G","Education"
"2025-01-29","2025-01-29T05:49:33.000Z","4492263e-c1d3-4a84-900d-1d1196029c14","Build GenAI Applications with Cassandra, AWS & Langflow","https://i.ytimg.com/vi/9JXdDz9HE6A/maxresdefault.jpg","f4e7274f-6766-4a72-a3c6-43b3f57447d3","G","Education"
"2025-01-15","2025-01-15T05:53:04.000Z","a548d4f5-7552-4a19-bf40-209e6e42a40f","Hands-on With Apache Cassandra ACID Transactions","https://i.ytimg.com/vi/pAFWepzgMa4/maxresdefault.jpg","c9f5d4f8-2f02-4f79-8b9c-80f35c6f1391","G","Education"
"2024-12-30","2024-12-30T19:21:01.000Z","a8eee33d-cf31-4e8b-9978-a0bd20676db2","How to Build Applications with Langflow and Enterprise Cassandra","https://i.ytimg.com/vi/xo7ZJTFRLgE/maxresdefault.jpg","44a490a8-7327-4535-868b-4e4fb52fec49","G","Tutorial"
"2024-12-18","2024-12-18T05:46:59.000Z","45c98e43-3457-40f9-bea1-3d04119c0b9f","Building Applications on EKS Cassandra","https://i.ytimg.com/vi/X6q97ph7D78/maxresdefault.jpg","81e21177-c908-4ebd-bf5b-80928c1ad9fd","G","Education"
"2024-12-06","2024-12-06T05:20:11.000Z","afe74c66-921c-43be-b49d-a278e74539fb","Mastering Apache CassandraÂ®: Make 2025 Your Most Successful Yet","https://i.ytimg.com/vi/ZRX-ROpmeSo/maxresdefault.jpg","533e84a2-9e6a-41d8-b8bf-62cf44cd6bfd","G","Education"
"2024-11-26","2024-11-26T14:28:34.000Z","fe4745de-5a0a-43d7-a22b-7f626b9f8f90","Advanced Cassandra Operations with Kubectl and Flux","https://i.ytimg.com/vi/YMnDUeextOc/maxresdefault.jpg","44a490a8-7327-4535-868b-4e4fb52fec49","G","Education"
"2024-11-14","2024-11-14T07:12:52.000Z","5fe46d61-44ad-4beb-9883-a221052aaaa0","Level Up Your GenAI Chatbot with Graph RAG & LangChain","https://i.ytimg.com/vi/4A606fnQDTI/maxresdefault.jpg","0976beeb-9469-4375-8abb-ae8772215f36","G","Education"
"2024-11-13","2024-11-13T06:48:37.000Z","4caa9858-e5c1-4f52-afe8-b6f23fe9f2bc","Vector Search for Cassandra Operators","https://i.ytimg.com/vi/k-9oFVNKoQc/maxresdefault.jpg","35dd1b34-89dc-4538-a127-775ba89693a7","G","Education"
"2024-11-12","2024-11-12T16:13:36.000Z","ad1859a2-99c7-4f2b-9afb-bda852ea8886","How to Deploy Cassandra-Based Applications on AWS","https://i.ytimg.com/vi/3jgkntHWW5U/hqdefault.jpg","ae2e35b7-ed71-4afb-a537-e98b8f47b5f3","G","Tutorial"
"2024-11-06","2024-11-06T06:56:26.000Z","37f6c17a-9b2c-4b35-8dbf-84ba75c974df","Running Enterprise Cassandra on Amazon EKS","https://i.ytimg.com/vi/nAlIfwA7I4w/maxresdefault.jpg","45815f47-a5bb-4b8c-bbf7-3405ed568ac1","G","Education"
"2024-10-31","2024-10-31T05:22:02.000Z","c0e32110-ca2e-4436-9535-ef6047761c38","Unlocking the Power of Apache CassandraÂ® 5.0: Innovations & a Sneak Peek at 5.1","https://i.ytimg.com/vi/Ba2WO0wZJrM/maxresdefault.jpg","0976beeb-9469-4375-8abb-ae8772215f36","G","Education"
"2024-10-25","2024-10-25T18:32:50.000Z","9a60a0f2-127d-46f8-9dab-8aecabf2ed0a","How to Deploy Enterprise Cassandra on Amazon EKS with DataStax Mission Control","https://i.ytimg.com/vi/TDBJoMpmI3Q/maxresdefault.jpg","ea541468-eced-48b2-97d3-a74dc24c45ee","G","Tutorial"
"2024-10-24","2024-10-24T06:12:25.000Z","d5325849-bb90-4e99-b94b-e6504429b2be","How to Build a Multimodal Music Search App with AI","https://i.ytimg.com/vi/p2lho6Duq1g/maxresdefault.jpg","0976beeb-9469-4375-8abb-ae8772215f36","G","Tutorial"
"2024-10-15","2024-10-15T12:50:00.000Z","ea48c7a6-9b5f-4ddf-b008-8d8d322845ca","DataStax AI Platform, Built with NVIDIA AI Demo","https://i.ytimg.com/vi/Y9RXzOk3sZU/maxresdefault.jpg","9f2b1303-7f31-4b6a-acd6-d5e4ae54b4ce","G","Demo"
"2024-10-02","2024-10-02T06:07:58.000Z","b9aeef5e-5028-4ebc-9298-257bfdcafa49","GenAI 101: Getting Started with a Vector Database","https://i.ytimg.com/vi/9nNgeOf5KJk/maxresdefault.jpg","3bd81250-5430-4243-9fac-c2c8bbb2c075","G","Education"
"2024-09-26","2024-09-26T19:14:32.000Z","c4cfbb14-15e2-4eeb-82c3-ae77044d487a","Using Unstructured for an End-to-End RAG Data Setup | Unstructured","https://i.ytimg.com/vi/gLxa8pSffH8/maxresdefault.jpg","5fb9b81d-3d82-42a5-892c-7e59e5ee72ce","G","Education"
"2024-09-26","2024-09-26T19:14:28.000Z","f0e47b65-ce80-4c13-89b1-083874674c78","Teaching Models to Play | tldraw","https://i.ytimg.com/vi/Br0pPviZ6Zo/maxresdefault.jpg","a544352b-44bf-4511-86de-7d11d67f7cfc","G","Education"
"2024-09-26","2024-09-26T19:14:25.000Z","808d5532-91ab-40d5-a8ba-cab21e24912b","Overcoming LLM Limitations in Math | Third Space Learning","https://i.ytimg.com/vi/O2vtMCg2hEI/maxresdefault.jpg","b389406a-6a06-4942-beee-11dfc88e1c77","G","Tutorial"
"2024-09-26","2024-09-26T05:52:22.000Z","e1629ae3-a7a3-44b0-872c-bb102f620d37","How to Build an AI Chatbot for Retail","https://i.ytimg.com/vi/SDanxJZ67jM/maxresdefault.jpg","a544352b-44bf-4511-86de-7d11d67f7cfc","G","Tutorial"
"2024-09-21","2024-09-21T00:35:52.000Z","98379641-d691-49d2-95de-b63aaed099b9","Migrating an OSS Cassandra cluster to DataStax Mission Control | DataStax","https://i.ytimg.com/vi/QXnjwOTdOWE/maxresdefault.jpg","551d60f2-fd1a-4953-9134-8485da816bd6","G","Education"
"2024-09-20","2024-09-20T06:02:47.000Z","6133b62c-0757-47e2-b4bb-1450dff086e6","Get Your Data AI Ready with Unstructured and DataStax","https://i.ytimg.com/vi/bcd1V_uEtyk/maxresdefault.jpg","baba2270-2a17-407a-9353-ae43c623b05a","G","Education"
"2024-09-10","2024-09-10T01:25:22.000Z","bfa3601c-41d1-4d67-8ca6-b1f6829d39b2","Hybrid Cluster Deployments and External Data Centers with DataStax Mission Control","https://i.ytimg.com/vi/z7_TErDkxss/hqdefault.jpg","cded835d-569a-411f-8954-24e8305d59aa","G","Education"
"2024-09-08","2024-09-08T02:03:16.000Z","7c958394-06be-4cc1-a345-9db489c6f028","RAG++ NYC | DataStax","https://i.ytimg.com/vi/7Bt33H8OUD4/maxresdefault.jpg","4adb5b6b-be1b-4c27-a5f7-b2bf9297ea03","G","Education"
"2024-09-06","2024-09-06T15:33:42.000Z","35e39c71-2785-4968-b610-49e60ac6b99e","Using AI to Build AI and RAG Apps","https://i.ytimg.com/vi/sjtRfmB8BRA/maxresdefault.jpg","40d03633-bedb-485e-8ad6-b34d32bc66ed","G","Education"
"2024-09-01","2024-09-01T15:13:57.000Z","720a024b-e0dc-4952-9aba-270690d7795c","Bring Your Own Observability Stack to DataStax Mission Control","https://i.ytimg.com/vi/1Dp5akE6Wds/hqdefault.jpg","0b1ff715-1ea7-41fa-8f5d-eeb4972be66e","G","Education"
"2024-08-28","2024-08-28T06:01:18.000Z","ade282dc-cb5c-4b69-b459-4af378d289e8","Getting Started with Hyper-Converged Database(HCD)","https://i.ytimg.com/vi/OA48YhVMnpU/maxresdefault.jpg","878f82ba-5db2-4248-b57d-888176bafa47","G","Education"
"2024-08-22","2024-08-22T06:01:00.000Z","94d9de29-621d-4f84-b27f-85342fcd6ad5","Crafting a Cool Language Translation App with Langflow","https://i.ytimg.com/vi/g_1gNmWARqY/maxresdefault.jpg","40d03633-bedb-485e-8ad6-b34d32bc66ed","G","Education"
"2024-08-14","2024-08-14T19:24:09.000Z","48a28a8f-8117-451d-acbc-3e70092fe3a3","Adding a new Data Center with HCD and Mission Control | DataStax","https://i.ytimg.com/vi/f88c0zpNhis/maxresdefault.jpg","ea541468-eced-48b2-97d3-a74dc24c45ee","G","Education"
"2024-08-14","2024-08-14T06:06:36.000Z","0f02e93f-3c8d-4830-8a8f-86a4697de5a9","GenAI 101: What is RAG?","https://i.ytimg.com/vi/6AT8lG8SOpE/maxresdefault.jpg","a94f624e-97eb-4f07-b4e2-7fc75ccb0ab7","G","Education"
"2024-08-13","2024-08-13T20:22:47.000Z","01105d50-9a00-447f-a263-bbdb94058876","GenAI 101: What is RAG?","https://i.ytimg.com/vi/d-ubVVpN0As/maxresdefault.jpg","39870309-0193-44b0-a15b-5e59cd23079b","G","Education"
"2024-08-01","2024-08-01T06:07:47.000Z","a6c5eac6-0e24-4170-ad29-3b96177ec6c2","Building a Superior Movie Search Experience with Vector Search","https://i.ytimg.com/vi/3bjb2NSN670/maxresdefault.jpg","6146ce71-b657-4a60-bfc1-ddcf4358f014","G","Education"
"2024-07-15","2024-07-15T17:53:40.000Z","1e318909-5396-4e19-ae82-64401598973d","Using the Data API on HCD","https://i.ytimg.com/vi/LbcsVfm4A-k/maxresdefault.jpg","1ca0d89b-8851-4562-a993-0e3f22288718","G","Education"
"2024-07-12","2024-07-12T22:19:44.000Z","da741a3c-d1cb-4714-a2cf-ef3529a1574f","Build a GenAI App in Under 20 Minutes: Live Demo of DataStaxâ€™s AI Ecosystem","https://i.ytimg.com/vi/Ev3X4qrI0WE/maxresdefault.jpg","4cbf9a9c-0b93-4af9-8267-0937fbd40411","G","Demo"
"2024-07-12","2024-07-12T22:15:17.000Z","cf079461-f356-4d73-8896-8911c020d1ee","Build a GenAI App in Under 20 Minutes: Demo of DataStaxâ€™s AI Ecosystem (Preview)","https://i.ytimg.com/vi/Z1nVrdh4HQs/maxresdefault.jpg","98262264-5164-4ea4-800e-2c64b46b8f38","G","Demo"
"2024-07-03","2024-07-03T07:02:20.000Z","30bd8911-2284-49b1-bd35-037c51cf736e","Unleash Your Appâ€™s Full Potential with GenAI powered by Langflow","https://i.ytimg.com/vi/g9ZNyfq6HZw/maxresdefault.jpg","ad6aaaa9-a9a0-4bf2-b387-c07b20d22f18","G","Education"
"2024-07-02","2024-07-02T15:00:20.000Z","91efa751-5925-40c7-bd72-16e07c947d78","Alerts and Notifications with Mission Control","https://i.ytimg.com/vi/pWBrg5cS_nw/hqdefault.jpg","ad6aaaa9-a9a0-4bf2-b387-c07b20d22f18","G","Education"
"2024-06-27","2024-06-27T18:41:51.000Z","d59261b7-b7e1-4417-8f85-003a5064a144","Leveraging Storage Attached Indexes in DSE 6.9","https://i.ytimg.com/vi/ViXFeA0E9tE/hqdefault.jpg","f06c2941-cc39-4a83-b11e-4e32feb360b2","G","Education"
"2024-06-27","2024-06-27T18:37:22.000Z","7bd3f99c-ab10-4df3-9201-a369425882b3","Building a Gen AI application on DSE 6.9","https://i.ytimg.com/vi/cD764OuHzus/hqdefault.jpg","9d543427-2ca7-4d45-a9b1-6dc73270cec8","G","Education"
"2024-06-27","2024-06-27T18:32:21.000Z","7429cb86-68cb-402a-a791-fd1a5a320262","Creating a DSE 6.9 cluster and basic CRUD ops","https://i.ytimg.com/vi/eAiKIW4nkj4/hqdefault.jpg","f2232a1c-0b24-49ed-9830-c0f935d481dc","G","Education"
"2024-06-19","2024-06-19T05:50:08.000Z","9d014523-098c-45f3-aaaa-f113808bf9fb","Future of on-premise data management w/ DataStax Enterprise 6.9 & Hyper-Converged Data Platform","https://i.ytimg.com/vi/JcIt5dvxpPM/maxresdefault.jpg","229a1e67-bc6e-461f-856c-6558ab0b71b6","G","Education"
"2024-05-31","2024-05-31T21:15:12.000Z","4e2f4aa5-d69b-4a89-8038-b3436e4fd8b3","Day #2 Operations with DataStax Mission Control","https://i.ytimg.com/vi/cDtmG-NtYEo/hqdefault.jpg","9d543427-2ca7-4d45-a9b1-6dc73270cec8","G","Education"
"2024-05-23","2024-05-23T22:06:38.000Z","81a34fed-570a-474b-8a6b-ed45285182b8","Upgrading a cluster with DataStax Mission Control","https://i.ytimg.com/vi/WrASAVmnri4/hqdefault.jpg","1a4cbcdf-72b6-4f10-aaa2-87dbacf8fdc1","G","Education"
"2024-05-23","2024-05-23T19:45:31.000Z","82f000a2-2cca-4eee-a463-94ecde20816e","Installing DataStax Mission Control on new cloud instances","https://i.ytimg.com/vi/igntd1uMSR0/hqdefault.jpg","fb914d7a-2037-4092-a131-ed5b8d70fc96","G","Education"
"2024-05-23","2024-05-23T19:40:03.000Z","84afcb50-6be6-4eb2-b52d-076a46de02c9","Installing DataStax Mission Control on an existing Kubernetes Cluster","https://i.ytimg.com/vi/phPJDwzz-yc/hqdefault.jpg","533e84a2-9e6a-41d8-b8bf-62cf44cd6bfd","G","Education"
"2024-05-23","2024-05-23T19:33:16.000Z","fab4016c-8e01-4511-bbea-4f065a732625","Creating a cluster with DataStax Mission Control","https://i.ytimg.com/vi/FWS29acPQ7w/hqdefault.jpg","3b1dd7d0-57ac-4e56-ab0c-5e29bdce4517","G","Education"
"2024-05-23","2024-05-23T19:30:18.000Z","b4cafb9b-9149-4604-be78-9ed740271855","An introduction to DataStax Mission Control","https://i.ytimg.com/vi/BXGSIlD0RrA/hqdefault.jpg","3bd81250-5430-4243-9fac-c2c8bbb2c075","G","Education"
"2024-05-17","2024-05-17T07:57:35.000Z","66763805-260a-460f-b02a-5d105d90e8df","Build a Multimodal GenAI App with LangChain and Gemini LLMs","https://i.ytimg.com/vi/bToMzuiOMhg/maxresdefault.jpg","d00baaf2-4cfd-4868-950c-688521266ad7","G","Education"
"2024-05-13","2024-05-13T18:37:47.000Z","0bc26cfc-48d0-43fb-9f4a-5aa0c51518f8","Tips and Tricks for the DataStax Astra CLI","https://i.ytimg.com/vi/_jlAE7cFbvE/hqdefault.jpg","a8a77e5b-4851-40da-94d5-bf052b1f97b2","G","Education"
"2024-04-25","2024-04-25T06:09:34.000Z","4773d082-8376-4d2a-a1f4-afe8ee03762c","Building Generative UIs with DataStax and Vercel","https://i.ytimg.com/vi/tjEAG2FVtBU/maxresdefault.jpg","996550ca-49f1-4de0-97ed-e926dd3d345f","G","Education"
"2024-04-24","2024-04-24T06:01:28.000Z","9284d51b-36e9-43cc-986b-16b82f313ffb","3 Steps to GenAI Success for Cassandra Teams","https://i.ytimg.com/vi/k7EBhN_xXHA/maxresdefault.jpg","59300018-f41c-4e91-87e8-5e2f7b2840cf","G","Education"
"2024-04-17","2024-04-17T21:33:30.000Z","2c3672da-ac83-40c7-8625-b38222245c68","How to Query Your Data with CQL ðŸ”Ž #datastax #genai #LLMs #apachecassandra #shorts","https://i.ytimg.com/vi/jYhI38MaJgc/maxresdefault.jpg","f17d0d50-d672-4207-a5d1-2c4b080b7e5c","G","Tutorial"
"2024-04-03","2024-04-03T06:11:27.000Z","fdc90be2-2495-4138-9751-564d42d15c99","Streamline GenAI and RAG Data Pipelines with Airbyte and Astra DB","https://i.ytimg.com/vi/rK8gyMfBfsM/maxresdefault.jpg","6bbae7fa-c5d3-45c0-a64c-feec0afdf8b2","G","Education"
"2024-04-01","2024-04-01T15:00:37.000Z","453afb14-ecbf-4911-a914-804f865646bb","How to Architect Your GenAI App Fast!","https://i.ytimg.com/vi/fnnoRTCeoYE/hqdefault.jpg","cfe00395-8ba8-4d40-a7b8-b822426a14fe","G","Tutorial"
"2024-03-25","2024-03-25T22:58:29.000Z","d75afe88-9c20-4c8c-a4ea-f36fbb60058a","Prototyping a RAG Application Without Code","https://i.ytimg.com/vi/6dobfkDcyrw/maxresdefault.jpg","b389406a-6a06-4942-beee-11dfc88e1c77","G","Education"
"2024-03-08","2024-03-08T00:25:08.000Z","a35aec5f-febc-4dab-804b-19fb8c9f9ba6","Building a GenAI app with Airbyte and DataStax Astra DB","https://i.ytimg.com/vi/Fja24G0lGf8/hqdefault.jpg","b389406a-6a06-4942-beee-11dfc88e1c77","G","Education"
"2024-01-11","2024-01-11T22:18:42.000Z","89362e5e-42d2-411b-a9ef-9519504517b2","Unlocking the Power of SAI Indexing and Vector Search","https://i.ytimg.com/vi/Kz5uVrdgeoU/maxresdefault.jpg","9c9d2b37-f495-4b57-8e77-41a507520906","G","Education"
"2023-12-29","2023-12-29T14:39:46.000Z","1aa6b943-32a2-4cb3-89b4-ba397774bc3a","Your GenAI apps are going to scale. Will your database?","https://i.ytimg.com/vi/RXT89wrNaJ0/hqdefault.jpg","d6701cd0-6d2b-4265-80a9-af040b23711b","G","Education"
"2023-12-22","2023-12-22T18:08:33.000Z","05583845-7120-4e05-ac31-631e4f704209","Build Production GenAI Chat with Vertex ai, LangChain and Astra DB Vector Search","https://i.ytimg.com/vi/_3g1_cOZPCc/maxresdefault.jpg","f3226358-1705-460d-8a0e-507e128be6aa","G","Education"
"2023-12-21","2023-12-21T14:25:12.000Z","87b8ef2b-b43d-4e21-9a2c-e4203afb9942","Apache Cassandra was made for GenAI ðŸš€","https://i.ytimg.com/vi/KWFS1QuhwTM/hqdefault.jpg","6146ce71-b657-4a60-bfc1-ddcf4358f014","G","Education"
"2023-12-01","2023-12-01T03:40:38.000Z","216bddb7-ea53-410b-8358-e52a3eebbdc2","Building an Open Source RAG Application Using LlamaIndex","https://i.ytimg.com/vi/b8N1f8jdDio/maxresdefault.jpg","ae2e35b7-ed71-4afb-a537-e98b8f47b5f3","G","Education"
"2023-11-16","2023-11-16T15:21:12.000Z","14078c88-9774-4de2-8e04-25cbc13af39c","3 Reasons to attend the Cassandra Summit","https://i.ytimg.com/vi/JuF8p4l2NxI/maxresdefault.jpg","1e13b0e8-058a-4631-bf63-d015275f55ca","G","Education"
"2023-11-15","2023-11-15T22:57:45.000Z","9a52a2ed-9906-4c93-b1a0-62286cbb0a74","Cassandra Summit - Join us December 12 -13!","https://i.ytimg.com/vi/6jXx7Q2N6O4/maxresdefault.jpg","0976beeb-9469-4375-8abb-ae8772215f36","G","Education"
"2023-11-15","2023-11-15T13:56:35.000Z","9f90b439-ae6e-4f33-b8dc-c5213a75b896","Introducing the Astra Assistants API","https://i.ytimg.com/vi/nKFmU_c0aIA/maxresdefault.jpg","ce688a50-29af-4d04-bd4c-bff0833b4d1a","G","Education"
"2023-10-30","2023-10-30T16:25:34.000Z","079198ad-0af8-4443-ba58-09f204e75dba","Using Vector with Images","https://i.ytimg.com/vi/ef_i_9HkLME/maxresdefault.jpg","1ca0d89b-8851-4562-a993-0e3f22288718","G","Education"
"2023-10-11","2023-10-11T06:36:17.000Z","13bcef92-0fba-4a50-bc80-3870047dc0ab","Realtime Java and AI ep10 - JVector and Cassandra","https://i.ytimg.com/vi/zCQFqhQSo7Y/maxresdefault.jpg","0b1ff715-1ea7-41fa-8f5d-eeb4972be66e","G","Education"
"2023-09-25","2023-09-25T21:57:56.000Z","94d74674-266e-4c55-81e5-7c5bb7b117c3","Using a Vector Database Doesn't Have to Suck","https://i.ytimg.com/vi/YNxRLj_tMuM/maxresdefault.jpg","9470a54b-2fa7-4593-9fe9-f4aae9a3799e","G","Education"
"2023-09-20","2023-09-20T06:27:35.000Z","1d80ad85-df91-42fe-8b63-8641b56149a1","Cracking the Realtime AI Java code with Deepak Kumar of Doc-E","https://i.ytimg.com/vi/K8ykmHBxUZY/maxresdefault.jpg","a544352b-44bf-4511-86de-7d11d67f7cfc","G","Education"
"2023-09-13","2023-09-13T06:36:39.000Z","6ff54ff0-d3b3-42ea-8a93-99b225d8f5f5","Realtime Java and AI #7","https://i.ytimg.com/vi/x7Pj9BbdPQ4/maxresdefault.jpg","8bdd4ee4-5a50-4edd-9c02-d06effd691c4","G","Education"
"2023-09-08","2023-09-08T02:43:20.000Z","efcf91c8-1122-4a4c-908a-b4ab4afdde03","Embeddings e Vector Search para IA Generativa - O que sÃ£o, como gerar e usar | Samuel Matioli","https://i.ytimg.com/vi/ygRurMXa5uw/hqdefault.jpg","a0eafe2e-8782-460c-b91a-a84a8e1cd864","G","Education"
"2023-09-06","2023-09-06T21:31:56.000Z","bceceba2-5638-4e0a-b29f-3a8f56e86533","How They Built This: Gen AI Products at Instacart, Shopify, and more","https://i.ytimg.com/vi/4NLzj7YEWp8/maxresdefault.jpg","6bbae7fa-c5d3-45c0-a64c-feec0afdf8b2","G","Education"
"2023-09-05","2023-09-05T12:40:50.000Z","04332753-5087-47af-9980-3490f4f59287","I tried to build a chatbot and this happened ðŸ˜± | Erick Ramirez #vectorsearch","https://i.ytimg.com/vi/uuE7td69CDc/maxresdefault.jpg","f3226358-1705-460d-8a0e-507e128be6aa","G","Education"
"2023-08-31","2023-08-31T13:09:43.000Z","17e69b48-1999-4654-b4f3-b2c74625df8f","Optimizing Trucking Routes w/ Vector Search and Apache Cassandra","https://i.ytimg.com/vi/TEBlmSlGT7Q/hqdefault.jpg","d6701cd0-6d2b-4265-80a9-af040b23711b","G","Education"
"2023-08-11","2023-08-11T22:56:36.000Z","05fb970c-1458-4b32-b02a-af9cf7797a39","Do you Love AI?","https://i.ytimg.com/vi/sS6IrNEXWU4/maxresdefault.jpg","40cd6c9f-7a71-4ae4-b632-c00dc22cbac3","G","Education"
"2023-07-31","2023-07-31T14:49:30.000Z","fe04a539-3340-4d88-a44f-6dc2df9ad121","Real-Time E-Commerce Product Recommendations using Vector Search and Apache Cassandraâ“‡","https://i.ytimg.com/vi/ULUncAhPZc8/maxresdefault.jpg","cfe00395-8ba8-4d40-a7b8-b822426a14fe","G","Education"
"2023-07-20","2023-07-20T21:10:42.000Z","467c1053-4ecf-4476-b95d-4ca13cd89ebf","Take the Apache Cassandra 2023 Survey!","https://i.ytimg.com/vi/xvaf3iXLpew/maxresdefault.jpg","3d0dcd56-66be-438d-978b-c943221b6f2a","G","Education"
"2023-07-11","2023-07-11T19:15:02.000Z","744380ac-88ae-4860-bed2-4134fdba9940","Agent X: The AI Agent Experience Digital Summit","https://i.ytimg.com/vi/fOPLQHvDtKA/maxresdefault.jpg","5fc4c09b-4b45-452a-b380-77c56a1e761b","G","Education"
"2023-07-11","2023-07-11T19:15:01.000Z","401c00ce-30ff-499f-9fb5-8c923b043794","Agents in Production Charna Parkey & Bryan Kirschner","https://i.ytimg.com/vi/as5IOC7vCOU/maxresdefault.jpg","5fc4c09b-4b45-452a-b380-77c56a1e761b","G","Education"
"2023-07-11","2023-07-11T19:15:00.000Z","4cafcef0-7ccc-4135-ad89-91e978616953","Vector Search: Under the Hood","https://i.ytimg.com/vi/FpWQ3qs33QE/maxresdefault.jpg","98262264-5164-4ea4-800e-2c64b46b8f38","G","Education"
"2023-07-11","2023-07-11T19:15:00.000Z","ea894014-906f-4e8b-8c37-da1477134164","The Generative AI Stack","https://i.ytimg.com/vi/ACsKiiR_4uY/maxresdefault.jpg","663c1f11-34cd-4f56-8aeb-3ba72b577ba0","G","Education"
"2023-07-11","2023-07-11T19:15:00.000Z","66a9e999-27d7-4576-9452-0836c5a2548e","Building a Chatbot agent with Vector Search, LangChain and Retrieval-Augmented Generation","https://i.ytimg.com/vi/GbmjAib-a-o/maxresdefault.jpg","0474f141-610e-4cf7-8a57-c8feb6241646","G","Education"
"2023-07-06","2023-07-06T20:20:36.000Z","7af5b6ea-668c-4bb0-bd75-cde7e9bc11ea","Vector Search on Astra DB","https://i.ytimg.com/vi/XSEl6deX2lU/maxresdefault.jpg","5fc4c09b-4b45-452a-b380-77c56a1e761b","G","Education"
"2023-06-28","2023-06-28T15:39:48.000Z","451a9058-202b-4610-96b2-6e34f88aca0e","Beyond GPT: Hands on with vector embeddings","https://i.ytimg.com/vi/TzfG22_bX0U/maxresdefault.jpg","4cbf9a9c-0b93-4af9-8267-0937fbd40411","G","Education"
"2023-06-15","2023-06-15T03:55:30.000Z","be63d4e3-cbe8-45fe-a1c9-4c7d83f20e71","Build a Full-Stack Application with Cassandra and React","https://i.ytimg.com/vi/RIq7MFeK8YE/maxresdefault.jpg","baba2270-2a17-407a-9353-ae43c623b05a","G","Education"
"2023-05-17","2023-05-17T17:30:37.000Z","1e228785-d530-41c6-9776-b9f12bfb5ed8","Build Spring Applications with Spring Data and NoSQL","https://i.ytimg.com/vi/EEICUyF_nVs/maxresdefault.jpg","468d4ba9-2bff-4ec6-a485-efe381aded48","G","Education"
"2023-04-19","2023-04-19T17:49:13.000Z","90230ddb-4262-4b7b-9420-b6e1a1f83d72","Intro to NoSQL with Apache Cassandra","https://i.ytimg.com/vi/WFycRMLvMKc/maxresdefault.jpg","39870309-0193-44b0-a15b-5e59cd23079b","G","Education"
"2023-03-14","2023-03-14T19:00:32.000Z","36a4d720-0d0f-49a7-8d25-3c5aa1585363","Cassandra Forward - Whatâ€™s new for developers in Cassandra 5 | DataStax","https://i.ytimg.com/vi/vn19_7cr5DY/maxresdefault.jpg","6cd30519-d443-4842-bea9-0261a40a765c","G","Education"
"2023-03-14","2023-03-14T19:00:30.000Z","725ce5dd-5c93-4116-b21d-f222670c6e6e","Cassandra Forward - Opening and welcome: The future of Cassandra | DataStax","https://i.ytimg.com/vi/mHfZP0gQq0k/maxresdefault.jpg","ac3cd3c7-42b9-42ec-8c73-5424ec392779","G","Education"
"2023-03-14","2023-03-14T19:00:22.000Z","dcab2eb5-b257-411c-919e-b48255386941","Cassandra Forward -Ring Panel: What are you looking forward to in 5.0? - Apache Cassandra Committers","https://i.ytimg.com/vi/zmqIYg_duPM/maxresdefault.jpg","87f0f5b6-3cbc-4fc6-8f04-b41b5a31a72c","G","Education"
"2023-03-14","2023-03-14T19:00:19.000Z","d91f282b-6f1b-43ac-ae3e-186de7c0c0c8","Cassandra Forward - Whatâ€™s next for Apache Cassandra use cases | DataStax","https://i.ytimg.com/vi/sSeN6rYmBsA/maxresdefault.jpg","3b1dd7d0-57ac-4e56-ab0c-5e29bdce4517","G","Education"
"2023-03-14","2023-03-14T19:00:15.000Z","1c1b9263-9449-47a0-9cba-86736588b929","Cassandra Forward - Real time data pipelines with Flink and Cassandra | Netflix","https://i.ytimg.com/vi/f8v6k1o9owk/maxresdefault.jpg","c82a0f84-0c5c-4e23-8543-ddb5dd57672c","G","Education"
"2023-03-14","2023-03-14T19:00:13.000Z","31b8a2f7-c692-4cd9-93fd-554f95d91a23","Cassandra Forward - ACID transactions on Cassandra","https://i.ytimg.com/vi/MX0ewD3o5wk/maxresdefault.jpg","b389406a-6a06-4942-beee-11dfc88e1c77","G","Education"
"2023-03-14","2023-03-14T19:00:07.000Z","a09ed367-fb46-4d28-a599-31351962f669","Cassandra Forward- Coming to a Cassandra cluster near you: Mongoose","https://i.ytimg.com/vi/AfBQCionvBY/maxresdefault.jpg","5fc4c09b-4b45-452a-b380-77c56a1e761b","G","Education"
"2023-03-14","2023-03-14T19:00:01.000Z","b07f9efa-93ce-4591-a0b0-ead67239a291","Cassandra Forward - Code That Can't Fail, Backed By Cassandra | Temporal","https://i.ytimg.com/vi/11J11rc7cO4/maxresdefault.jpg","5fc4c09b-4b45-452a-b380-77c56a1e761b","G","Education"
"2023-03-07","2023-03-07T21:46:51.000Z","6d8fc9a3-7c80-4360-9524-d2a0498852cb","ðŸ‡§ðŸ‡· Utilizando o poder do NoSQL e Big Data com Cassandra: melhores prÃ¡ticas para modelagem","https://i.ytimg.com/vi/ff8tMErEh88/hqdefault.jpg","aa53499f-5042-46f4-88ba-b11f714973f2","G","Education"
"2023-02-22","2023-02-22T18:17:27.000Z","12fa3f62-abd4-49bc-9655-242d51e63332","Build a Clone of Good Reads with Spring Boot, Security and MVC","https://i.ytimg.com/vi/e7rtfS-M9qM/maxresdefault.jpg","d00baaf2-4cfd-4868-950c-688521266ad7","G","Education"
"2023-02-16","2023-02-16T17:34:48.000Z","f9fb95da-9a3c-42e4-b64a-8f8cb01a7032","Cassandra Forward - Legend of DataStax!","https://i.ytimg.com/vi/6Ae9R-4eqnM/hqdefault.jpg","c6397d8d-271d-4c5d-aa9a-64fdefccc8e7","G","Education"
"2023-02-08","2023-02-08T18:11:44.000Z","f0ee72d8-5281-4d95-b6ee-4fcb0f8a1365","Get Started on Python and NoSQL with Apache Cassandra","https://i.ytimg.com/vi/ENvr1ssphlg/maxresdefault.jpg","d6701cd0-6d2b-4265-80a9-af040b23711b","G","Education"
"2023-02-06","2023-02-06T16:41:32.000Z","0db33852-28ee-4c66-8636-85402cd3a3ae","Get Excited about Python and NoSQL with Apache Cassandra!","https://i.ytimg.com/vi/cCavsd0YNFY/maxresdefault.jpg","e3b7eeb5-5680-47d9-b3bf-d42d1b22291d","G","Education"
"2023-02-02","2023-02-02T00:31:34.000Z","11a338da-5be9-435e-9bd8-52b49cb990b6","ðŸ‡ªðŸ‡¸ CertificaciÃ³n Cassandra: PreparaciÃ³n y PrÃ¡ctica","https://i.ytimg.com/vi/CcGktmgLhAw/maxresdefault.jpg","f6dc1231-029c-4c50-b2e2-d29ce14296bb","G","Education"
