"userid","created_date","email","firstname","lastname","account_status","last_login_date"
"672edd1b-838d-4cd6-bcb5-a0ceb132a4e8","2025-06-12T01:03:36.964Z","johnsonjoshua@example.org","Donald","Garcia","active","2025-12-04T20:12:46.055Z"
"c3c18938-528e-4794-9434-1a036c1c6141","2025-05-25T00:56:27.791Z","johnsonjeffery@example.net","Carolyn","Hoffman","active","2025-12-09T12:30:10.331Z"
"6da5701d-2ecb-4e42-93a7-1994418e3eb0","2024-10-22T17:06:05.984Z","zlawrence@example.org","Katherine","Moore","active","2025-11-26T19:36:58.517Z"
"878f82ba-5db2-4248-b57d-888176bafa47","2025-07-30T14:12:51.675Z","curtis61@example.com","Melanie","Munoz","active","2025-12-10T08:57:20.791Z"
"1e13b0e8-058a-4631-bf63-d015275f55ca","2025-02-12T17:53:22.453Z","smiller@example.net","Christine","Hensley","active","2025-12-09T14:50:26.199Z"
"6bbae7fa-c5d3-45c0-a64c-feec0afdf8b2","2024-11-14T05:00:02.423Z","kendragalloway@example.org","Michelle","James","active","2025-12-13T12:06:30.225Z"
"f17d0d50-d672-4207-a5d1-2c4b080b7e5c","2024-06-14T19:56:11.469Z","jason41@example.net","Cynthia","Ferguson","active","2025-12-02T08:22:34.469Z"
"c9f5d4f8-2f02-4f79-8b9c-80f35c6f1391","2024-08-05T10:24:01.115Z","gabriellecameron@example.org","Jeremy","Johnson","active","2025-11-26T12:19:20.350Z"
"f6dc1231-029c-4c50-b2e2-d29ce14296bb","2024-06-16T03:47:02.301Z","jason76@example.net","Stephen","Baker","active","2025-12-05T07:44:02.203Z"
"ce52a4a8-00e9-472a-99cb-16c5d5400117","2024-12-25T04:47:57.469Z","zhurst@example.com","Jeffrey","Bright","active","2025-11-21T05:00:13.196Z"
"ea541468-eced-48b2-97d3-a74dc24c45ee","2024-09-22T18:23:42.153Z","hernandezernest@example.net","Robert","Brown","active","2025-12-18T08:45:22.617Z"
"f9d55d7d-c046-4495-8189-17209030d8af","2024-08-23T11:49:19.192Z","frazierdanny@example.net","Karen","Mack","active","2025-11-27T06:52:08.333Z"
"5ea91edc-849d-4e65-9f75-d80a82c32ff0","2024-12-23T20:27:37.155Z","mckaynancy@example.com","Teresa","Gill","inactive","2025-11-21T16:09:52.852Z"
"5fb9b81d-3d82-42a5-892c-7e59e5ee72ce","2025-10-19T22:36:57.440Z","ericfarmer@example.net","Stephanie","Nielsen","active","2025-12-06T10:47:20.362Z"
"ce011ffe-96f2-4700-aef1-619edd4632b2","2025-02-05T10:39:30.579Z","hickmannatasha@example.com","John","Allen","active","2025-11-20T20:15:14.269Z"
"c6397d8d-271d-4c5d-aa9a-64fdefccc8e7","2025-01-23T14:55:17.703Z","spenceamanda@example.org","David","Alvarez","active","2025-11-26T10:23:22.782Z"
"f98282d8-03e9-4566-9b0f-5758994e8493","2024-10-05T10:58:13.354Z","ibrandt@example.net","Hannah","Marquez","active","2025-12-08T15:09:48.599Z"
"952a1e86-4ddf-4285-8a13-56fa86e5a2a7","2024-06-04T02:17:23.732Z","omartinez@example.org","Matthew","Chapman","active","2025-11-25T02:06:19.460Z"
"c82a0f84-0c5c-4e23-8543-ddb5dd57672c","2025-04-20T16:13:34.279Z","perezrebecca@example.com","Chad","Young","active","2025-11-24T21:47:57.804Z"
"e89b5ace-efea-4703-b5ed-a33ef5a753fb","2024-10-28T21:00:40.731Z","esanchez@example.com","James","Davis","active","2025-12-01T04:31:31.790Z"
"6146ce71-b657-4a60-bfc1-ddcf4358f014","2025-07-25T19:37:57.017Z","nuneztracey@example.org","Bruce","Chandler","active","2025-11-21T18:13:21.331Z"
"ff5672ca-10c7-4d10-b920-e53e4a34ca4f","2024-02-12T01:38:26.041Z","ltaylor@example.com","Steven","Baxter","active","2025-12-12T17:19:29.658Z"
"39870309-0193-44b0-a15b-5e59cd23079b","2025-08-29T22:57:18.470Z","williamsyvette@example.org","Tanya","House","active","2025-11-23T11:17:34.398Z"
"81e21177-c908-4ebd-bf5b-80928c1ad9fd","2024-06-29T17:26:29.786Z","michellebarrera@example.org","Nicholas","Galloway","active","2025-12-12T00:04:47.000Z"
"a7cc2fc1-169a-42d9-97e0-5c12340c1aca","2024-05-05T17:13:37.728Z","uhorton@example.net","Dorothy","Tucker","active","2025-11-25T00:17:36.728Z"
"cfe00395-8ba8-4d40-a7b8-b822426a14fe","2025-01-09T23:28:38.466Z","adkinsbrian@example.net","Thomas","Calhoun","active","2025-11-20T04:30:07.870Z"
"5bce5e51-b830-46f1-9c99-b854827decb4","2025-02-07T03:18:17.046Z","caseyjones@example.org","Richard","David","active","2025-12-05T20:22:14.197Z"
"aa53499f-5042-46f4-88ba-b11f714973f2","2025-04-21T05:20:35.556Z","barnesbrandy@example.net","Leslie","Green","active","2025-11-27T21:45:40.572Z"
"88b0c470-2f7b-4de0-bd57-6a7cba1f72cf","2023-12-25T19:20:34.827Z","emilyevans@example.com","Sarah","Walls","active","2025-12-07T02:47:00.790Z"
"86481ff5-b34e-4df0-af87-9525785561a1","2024-02-07T06:02:42.673Z","jonesjason@example.com","David","Bailey","active","2025-11-25T19:26:01.207Z"
"1acc6ce9-f7ed-4dd4-b9a9-3606c1b606e7","2025-04-09T17:13:40.016Z","tbass@example.com","Cheryl","Archer","suspended","2025-11-18T17:10:53.493Z"
"9d543427-2ca7-4d45-a9b1-6dc73270cec8","2025-01-26T02:52:48.768Z","sarah12@example.com","Darrell","Rodriguez","active","2025-11-26T15:38:22.566Z"
"f3226358-1705-460d-8a0e-507e128be6aa","2024-01-25T02:36:38.552Z","james48@example.com","John","Odonnell","active","2025-12-07T12:14:01.287Z"
"ab8c869d-d5c6-4972-83ae-d408963d2627","2024-11-05T18:04:37.206Z","smithkellie@example.net","Tina","Martin","active","2025-12-09T15:37:46.022Z"
"b389406a-6a06-4942-beee-11dfc88e1c77","2025-02-16T12:18:25.214Z","jonesnicole@example.org","Amy","Davenport","active","2025-11-22T22:10:35.092Z"
"4d7dba7f-776d-49cf-95a5-6e384d3a141c","2024-09-02T08:33:10.602Z","michael05@example.org","Evelyn","Estrada","active","2025-12-05T06:39:54.081Z"
"c0fc2643-449d-49c5-ba1e-22900516c186","2025-09-22T20:35:40.953Z","sarayoung@example.org","Theresa","Cochran","active","2025-11-19T05:23:42.250Z"
"6cd30519-d443-4842-bea9-0261a40a765c","2024-09-23T10:34:00.297Z","kimberly63@example.com","Erik","Haynes","active","2025-11-19T15:25:50.183Z"
"1ca0d89b-8851-4562-a993-0e3f22288718","2024-05-29T20:13:03.054Z","lisastevens@example.com","Lori","Savage","inactive","2025-12-08T06:46:22.009Z"
"533e84a2-9e6a-41d8-b8bf-62cf44cd6bfd","2025-08-26T06:41:29.205Z","michelle45@example.net","William","Frazier","active","2025-11-28T09:58:36.458Z"
"49b48fbe-ea88-48f5-99ad-75e12438c881","2025-07-15T11:18:36.805Z","gregory40@example.org","Candace","Reed","active","2025-12-01T13:45:08.946Z"
"a0eafe2e-8782-460c-b91a-a84a8e1cd864","2025-01-01T19:01:22.361Z","cruzbarbara@example.com","Bradley","Graham","active","2025-12-12T16:14:12.174Z"
"45815f47-a5bb-4b8c-bbf7-3405ed568ac1","2025-04-16T14:13:10.908Z","michaeljones@example.net","Samantha","Hanson","active","2025-11-22T05:16:44.818Z"
"6115e922-50c1-4e9d-90f7-5d65cb69a904","2024-10-21T03:05:31.914Z","elizabeth56@example.net","Kenneth","Martinez","suspended","2025-12-16T16:36:38.634Z"
"468d4ba9-2bff-4ec6-a485-efe381aded48","2024-05-20T12:51:02.997Z","christinaturner@example.net","Martha","Torres","active","2025-12-12T01:17:42.880Z"
"d00baaf2-4cfd-4868-950c-688521266ad7","2025-07-22T11:33:10.409Z","steven73@example.net","Thomas","Santana","active","2025-11-23T13:43:36.098Z"
"a8a77e5b-4851-40da-94d5-bf052b1f97b2","2024-01-21T18:13:32.202Z","clarence34@example.org","Lindsay","Hernandez","active","2025-12-17T23:58:58.171Z"
"5eb04572-882e-461a-b5cd-e7250082ae2d","2024-12-14T03:12:43.613Z","gibsonolivia@example.net","James","Horton","active","2025-11-25T19:13:03.667Z"
"4adb5b6b-be1b-4c27-a5f7-b2bf9297ea03","2025-07-28T09:17:48.892Z","staffordmichelle@example.org","Kimberly","Robinson","suspended","2025-12-09T08:36:19.324Z"
"a73eceb3-2cf3-4dc1-858e-48db9807f6c5","2025-12-09T15:17:06.675Z","samanthamartinez@example.org","Laurie","Contreras","inactive","2025-12-06T08:16:28.409Z"
"260b8e29-1407-4c86-9562-3ed6a1b0365f","2024-11-08T17:34:20.270Z","usalazar@example.net","Ronald","Meadows","active","2025-11-23T06:08:33.296Z"
"6bf9f1f8-1ef5-4268-ac5b-4a7abaa9bb21","2024-12-06T23:45:04.268Z","pgreen@example.net","Joshua","Strickland","active","2025-11-25T15:48:21.279Z"
"be1bcf33-fc5c-4fba-9997-f7fba791e4cd","2024-09-23T19:13:11.203Z","jimmy55@example.net","Christopher","Hernandez","active","2025-11-23T01:34:07.250Z"
"98262264-5164-4ea4-800e-2c64b46b8f38","2024-10-20T21:47:00.144Z","irussell@example.com","Robert","Clark","active","2025-12-15T15:01:57.335Z"
"88b3230f-0806-4d1e-8b69-18c608bf6277","2024-07-24T03:09:45.274Z","gateskathy@example.com","Thomas","Bender","active","2025-11-30T04:20:21.391Z"
"ab361c61-97c9-4fcc-8337-f89435fe81ff","2024-12-09T15:26:01.460Z","vmedina@example.net","Lauren","Hurst","active","2025-11-26T16:03:44.328Z"
"e3b7eeb5-5680-47d9-b3bf-d42d1b22291d","2025-10-20T16:59:28.328Z","rrogers@example.com","Jennifer","Pittman","active","2025-12-17T21:40:07.365Z"
"550c7925-f6a4-415c-a9e0-0194799e6a07","2025-09-12T05:15:02.759Z","qvargas@example.org","Christopher","Patterson","inactive","2025-11-23T22:23:37.636Z"
"551d60f2-fd1a-4953-9134-8485da816bd6","2024-10-21T22:42:03.889Z","jason55@example.com","Joshua","Bean","active","2025-12-13T12:41:05.091Z"
"996550ca-49f1-4de0-97ed-e926dd3d345f","2024-01-17T09:48:54.836Z","cookemichael@example.net","Casey","Bernard","active","2025-11-19T09:53:25.757Z"
"5fc4c09b-4b45-452a-b380-77c56a1e761b","2024-05-26T05:16:42.949Z","howelljohn@example.com","Elizabeth","Elliott","active","2025-12-09T11:09:49.205Z"
"53954cef-bd6b-4343-9336-8a02d240472e","2025-11-22T17:03:01.496Z","catherinestuart@example.net","Danny","Weiss","active","2025-11-21T17:22:47.959Z"
"a0921328-94e1-464f-960d-e2ef7d01f2e9","2025-08-16T17:12:43.552Z","barbara66@example.net","James","Vargas","active","2025-11-25T18:24:01.594Z"
"f2232a1c-0b24-49ed-9830-c0f935d481dc","2024-10-26T22:08:47.743Z","melissa91@example.net","Kimberly","Reed","active","2025-11-29T14:21:35.711Z"
"0474f141-610e-4cf7-8a57-c8feb6241646","2025-09-30T06:41:38.732Z","alexander67@example.org","Ryan","Cox","active","2025-12-02T06:33:40.388Z"
"926cbf70-3f16-4da9-a4a7-fc0b4e50c02d","2025-07-06T20:40:15.488Z","jessicasheppard@example.com","Christina","Gillespie","active","2025-12-02T10:15:28.816Z"
"35dd1b34-89dc-4538-a127-775ba89693a7","2024-11-22T11:04:28.795Z","marcus31@example.com","Nicole","Sanchez","active","2025-12-06T18:59:15.777Z"
"4e49a63d-262d-4197-8420-e771dab50e3c","2024-08-23T14:41:10.048Z","snydermark@example.com","Jason","Salinas","active","2025-12-14T21:22:45.387Z"
"7db085d9-c5e2-456e-83db-7a8108fcceb8","2025-01-27T13:06:42.284Z","angela83@example.org","John","Russell","active","2025-11-25T16:34:55.642Z"
"fac77258-e598-4d68-87ea-b4cb93c4bb61","2024-06-13T17:32:17.647Z","bwest@example.org","Kelly","Sullivan","active","2025-12-08T09:36:00.375Z"
"f4e7274f-6766-4a72-a3c6-43b3f57447d3","2024-06-19T15:31:02.878Z","ronald85@example.com","Jacqueline","Nelson","active","2025-11-22T02:25:16.053Z"
"8167fc9d-fb29-4ea2-9a7c-58a14815a733","2024-12-06T16:45:57.976Z","newtonstephanie@example.net","Jacob","Robinson","active","2025-12-10T05:15:00.322Z"
"255564d6-2ab2-452f-af52-170bb530e898","2025-05-19T04:40:08.873Z","tina34@example.org","Michael","Turner","active","2025-11-22T06:41:19.031Z"
"13fcd499-8e23-4466-9cfa-9b86f5f5921c","2024-03-02T22:32:46.573Z","tranheidi@example.org","Dana","Mullins","active","2025-11-18T20:22:47.925Z"
"95a78aa3-73b6-418a-8603-f9072513643d","2024-03-11T08:08:59.561Z","lalexander@example.org","Johnny","Hensley","active","2025-11-20T10:35:46.183Z"
"f34aeb12-0a14-4705-94a5-ad157fadef9e","2025-01-29T15:53:50.844Z","hernandezlisa@example.com","Christopher","Wright","suspended","2025-11-30T23:11:39.063Z"
"5716215f-4e9a-4b0a-ba09-411546482c40","2024-10-27T06:04:03.856Z","kimberlyjames@example.com","Kenneth","Chapman","active","2025-12-05T12:57:43.587Z"
"96130efc-7eb2-491b-82f7-534bb6c1d7c7","2024-06-11T05:13:48.174Z","mezajared@example.org","Joseph","Miller","active","2025-12-05T00:58:59.900Z"
"8bdd4ee4-5a50-4edd-9c02-d06effd691c4","2025-05-18T10:02:20.974Z","mhayes@example.com","Kelly","Hall","active","2025-12-09T13:41:59.750Z"
"ce688a50-29af-4d04-bd4c-bff0833b4d1a","2024-05-11T12:06:01.408Z","sandrafrench@example.net","Brittany","Lara","active","2025-11-21T22:11:16.175Z"
"b833e3df-35d5-44e1-b91e-295411730ba9","2025-02-25T16:03:19.188Z","rebekahserrano@example.org","Brian","Sparks","active","2025-12-13T05:00:06.861Z"
"663c1f11-34cd-4f56-8aeb-3ba72b577ba0","2024-12-18T14:04:00.737Z","smartinez@example.com","Holly","Bender","active","2025-12-03T07:04:53.208Z"
"41d11b28-cfb2-4628-b7b4-4792608c3975","2025-11-20T15:47:33.414Z","prestonjessica@example.net","John","Davis","active","2025-12-13T13:26:20.727Z"
"eb01e2e5-a6f9-4860-901a-a355ff50388f","2024-04-24T23:23:19.102Z","keyemily@example.com","Barbara","Hines","active","2025-12-04T01:12:10.275Z"
"baba2270-2a17-407a-9353-ae43c623b05a","2024-11-26T08:01:31.902Z","howard96@example.net","Lisa","Costa","active","2025-11-30T17:33:34.258Z"
"59300018-f41c-4e91-87e8-5e2f7b2840cf","2024-10-06T12:33:56.171Z","hodgemark@example.net","Tyler","Bates","inactive","2025-12-11T07:06:31.409Z"
"5f89dddc-f91a-4a4a-9730-3476e140aa3c","2023-12-19T20:12:31.863Z","edwardsmarcus@example.com","Michelle","Bryan","active","2025-12-14T13:29:36.519Z"
"ae2e35b7-ed71-4afb-a537-e98b8f47b5f3","2024-05-15T16:42:51.176Z","lopezmichael@example.com","Colleen","Wolf","active","2025-12-04T22:59:13.304Z"
"9f2b1303-7f31-4b6a-acd6-d5e4ae54b4ce","2025-07-24T21:12:48.924Z","fgilmore@example.org","Anthony","Mccoy","active","2025-12-09T18:35:33.082Z"
"229a1e67-bc6e-461f-856c-6558ab0b71b6","2025-08-17T20:45:48.897Z","tranchristopher@example.org","Steven","Wilson","active","2025-12-03T10:22:45.308Z"
"40cd6c9f-7a71-4ae4-b632-c00dc22cbac3","2024-05-06T05:43:06.309Z","robert77@example.org","Stephen","Thomas","active","2025-12-06T11:06:02.735Z"
"3960a7bf-9379-4511-90b8-0f110464a9b7","2024-07-01T03:58:18.389Z","michellehill@example.com","Matthew","French","suspended","2025-11-18T13:23:45.152Z"
"43e78be1-d049-4965-be89-3542739a4fb6","2025-06-28T06:20:47.378Z","cgrimes@example.net","Todd","Cook","active","2025-11-29T19:08:24.460Z"
"2b597237-763c-424e-9369-75c73f62c65b","2024-01-19T21:13:56.589Z","tinaallen@example.com","Jesus","Rowe","active","2025-12-10T19:44:11.752Z"
"6bc1e32e-693b-4d83-b2e3-e72d76a39673","2024-01-15T01:02:20.204Z","qhughes@example.net","Tina","Simpson","active","2025-12-03T13:11:54.661Z"
"1169594e-9b45-4d2d-b8a2-804f4d488969","2024-04-02T07:17:32.809Z","sawyerscott@example.net","Renee","Smith","active","2025-12-14T14:37:14.261Z"
"f72690b3-d54a-4fba-865e-a9ffffad0eba","2024-02-15T16:04:42.736Z","harrisontanya@example.com","Cindy","Sanders","active","2025-11-28T08:06:58.006Z"
"44018876-e01b-49a9-bc96-131166df6cf5","2025-01-17T04:51:42.968Z","ofinley@example.net","Paige","Freeman","active","2025-12-07T00:07:10.924Z"
"340b48f2-4005-4501-86dc-96d0100b6463","2024-03-01T10:04:24.897Z","wendy16@example.org","Kathleen","Padilla","active","2025-11-23T11:19:53.527Z"
"d6701cd0-6d2b-4265-80a9-af040b23711b","2024-06-14T09:10:51.798Z","williamslaura@example.com","Michael","Jordan","suspended","2025-11-30T20:13:34.133Z"
"7e75fb2f-f39e-40c9-9cf8-7e43b9b707d6","2025-10-15T19:18:32.543Z","georgemiller@example.com","Christine","Allen","inactive","2025-11-22T18:35:37.130Z"
"cded835d-569a-411f-8954-24e8305d59aa","2024-11-05T16:13:24.329Z","steve07@example.com","Erica","Moore","active","2025-11-28T20:21:22.098Z"
"a544352b-44bf-4511-86de-7d11d67f7cfc","2024-12-05T23:24:02.431Z","dvaughn@example.com","James","Cruz","active","2025-11-25T14:20:13.179Z"
"3b6a9cf7-26f1-4985-a29d-180166f5b0e0","2025-09-10T21:58:30.982Z","victoria40@example.net","Randy","Smith","active","2025-12-11T19:55:59.708Z"
"3d0dcd56-66be-438d-978b-c943221b6f2a","2025-03-28T00:54:28.618Z","swall@example.org","Catherine","Gomez","active","2025-12-07T02:35:25.894Z"
"fb914d7a-2037-4092-a131-ed5b8d70fc96","2024-01-12T08:57:35.408Z","courtneyberger@example.net","Benjamin","Kramer","active","2025-11-29T10:14:56.316Z"
"28432ac3-5edd-4847-9761-4323472e5d57","2025-11-27T15:43:04.482Z","mark62@example.org","David","Ryan","active","2025-12-04T09:45:45.352Z"
"9c9d2b37-f495-4b57-8e77-41a507520906","2025-09-14T19:24:38.121Z","jonathansummers@example.com","Tammy","Phillips","inactive","2025-12-12T14:35:46.740Z"
"42f7440c-f7b9-40d0-a504-c01668f6c54c","2025-11-24T13:44:16.112Z","taylortammy@example.net","Jennifer","Whitney","active","2025-12-12T14:51:07.173Z"
"d0806544-ab76-443b-8365-6e0bca5c6675","2025-04-23T03:11:06.088Z","ismith@example.org","Shawn","Chambers","active","2025-12-06T00:25:55.757Z"
"0976beeb-9469-4375-8abb-ae8772215f36","2024-08-14T14:28:39.283Z","daniel37@example.org","Christine","Hahn","inactive","2025-12-06T18:48:29.051Z"
"bef2099d-805a-4b86-90cc-273da0004063","2025-11-09T05:25:54.760Z","tblankenship@example.net","Ricky","Taylor","active","2025-11-27T14:41:29.002Z"
"185062b4-fecc-40fc-9e57-5d721782639e","2025-06-13T20:24:17.251Z","youngamanda@example.com","Shawn","Santiago","active","2025-12-16T20:39:00.830Z"
"e4dae5ea-e065-46f0-9fc9-ea18af15f881","2024-07-10T08:17:55.498Z","nicolepena@example.com","Christina","Crosby","active","2025-12-09T04:33:03.480Z"
"0fa4a63f-de50-47bd-bd54-c81204052cd7","2025-10-07T16:08:02.655Z","xsampson@example.org","Tina","Richardson","active","2025-12-07T19:49:27.090Z"
"fb5309eb-fa61-4e13-8927-5f12a875debf","2025-02-27T04:54:18.796Z","james17@example.org","Elizabeth","May","active","2025-11-19T02:55:34.522Z"
"ba1abba0-bb02-44eb-953e-e2f2b0c0690d","2024-05-18T07:48:44.892Z","vanessabuchanan@example.org","Casey","Hubbard","active","2025-11-24T23:02:01.904Z"
"03e8c127-3fa3-4852-9f41-881084a699e9","2024-03-22T22:59:18.748Z","kim90@example.com","Michele","Thomas","active","2025-11-26T00:01:11.677Z"
"2a508618-6827-400d-b43a-0772515640b1","2024-06-29T20:19:28.806Z","andersonmichael@example.org","Brianna","Smith","active","2025-11-22T06:48:54.145Z"
"0b1ff715-1ea7-41fa-8f5d-eeb4972be66e","2024-12-21T01:05:13.040Z","reesethomas@example.com","William","Rodriguez","active","2025-12-16T20:14:53.346Z"
"8c985e23-5c7d-4bf6-91d3-d0e5ed7f2ab4","2024-03-06T20:45:49.914Z","stephen00@example.com","Melanie","Simmons","active","2025-12-09T20:28:40.208Z"
"a94f624e-97eb-4f07-b4e2-7fc75ccb0ab7","2025-01-22T13:33:02.446Z","morriseddie@example.org","Joshua","Schultz","active","2025-11-28T05:40:56.669Z"
"bb5fb2dd-89fa-4c1a-a814-b12d99745ac6","2025-04-10T06:08:31.912Z","shawn96@example.org","Laura","Wilson","active","2025-12-14T19:29:50.504Z"
"d368b5d5-b8d3-479b-a65a-937e77cfe355","2024-10-17T20:57:35.144Z","russellbeasley@example.com","Matthew","Chavez","active","2025-11-21T08:00:38.495Z"
"3bd81250-5430-4243-9fac-c2c8bbb2c075","2024-10-29T11:28:50.561Z","nicholas27@example.org","Christopher","Miller","active","2025-12-10T19:39:10.608Z"
"d6c2b345-3abe-4963-a1e9-1f16e12ab657","2024-10-14T02:07:43.151Z","angelawillis@example.net","Anna","Santiago","active","2025-12-14T16:32:46.308Z"
"ee59e06f-2fa8-4bdb-960c-6b6c015f3877","2024-08-31T20:55:15.694Z","uparrish@example.org","Tanya","Burke","active","2025-12-05T19:39:00.799Z"
"505ee18c-b9a1-4b61-ab21-9edf79d067d9","2025-06-28T01:39:53.198Z","gwalker@example.com","Megan","Richardson","suspended","2025-12-05T16:54:03.211Z"
"b164074d-5b90-44dd-9309-17f2a0b744fc","2025-05-15T07:24:23.325Z","lynchdiane@example.net","Joseph","White","active","2025-11-27T18:01:04.313Z"
"3b1dd7d0-57ac-4e56-ab0c-5e29bdce4517","2025-03-25T12:29:48.091Z","whitedouglas@example.net","Richard","Thomas","active","2025-11-19T09:37:19.199Z"
"4cbf9a9c-0b93-4af9-8267-0937fbd40411","2025-07-08T11:08:17.149Z","nicholaschavez@example.org","Mitchell","Griffith","active","2025-12-05T12:12:58.498Z"
"40d03633-bedb-485e-8ad6-b34d32bc66ed","2025-04-15T12:49:13.154Z","moorekaren@example.org","Emily","Nelson","active","2025-12-03T01:13:31.139Z"
"6f5404ed-804a-4a94-92c7-ac7e9780f7e5","2025-04-27T14:55:27.242Z","jason81@example.com","Russell","Campbell","active","2025-12-03T01:55:28.096Z"
"f9de966f-db7b-4ff6-bfa4-48e1c59e1208","2024-05-21T07:16:53.832Z","walkertracey@example.org","Adrian","Turner","active","2025-11-22T14:21:28.615Z"
"2fd9689b-b183-4f30-a15a-4d29d959a1fe","2024-06-04T02:13:10.236Z","david76@example.org","David","Patel","active","2025-12-05T05:49:47.487Z"
"a824b122-0048-471a-902c-2e060cb5a705","2024-08-03T16:27:27.348Z","charles06@example.org","Steve","Miller","active","2025-12-01T08:38:00.870Z"
"f2edfeb9-1d84-418c-b519-47b0595aacba","2025-11-10T05:08:53.178Z","zroberts@example.org","Tammy","Jackson","active","2025-12-02T06:49:07.169Z"
"1a4cbcdf-72b6-4f10-aaa2-87dbacf8fdc1","2024-10-03T02:25:14.340Z","christopher13@example.com","Brianna","Warren","active","2025-11-27T18:56:47.664Z"
"9a5e1988-eea4-46a9-9d75-bae88f5281b4","2025-10-10T18:13:52.953Z","kimberly18@example.net","Daniel","Hicks","active","2025-11-28T23:05:56.688Z"
"f06c2941-cc39-4a83-b11e-4e32feb360b2","2025-06-25T13:07:26.481Z","joelthomas@example.org","Glenn","Hernandez","active","2025-11-20T17:48:11.685Z"
"fdbae02d-5db2-4af8-acdb-09e6596b1a08","2025-02-03T08:25:40.366Z","kmarshall@example.net","Shane","Glass","active","2025-12-07T12:57:49.243Z"
"ad6aaaa9-a9a0-4bf2-b387-c07b20d22f18","2025-02-23T00:30:58.263Z","edward17@example.com","Crystal","Hogan","active","2025-11-29T00:56:50.241Z"
"44a490a8-7327-4535-868b-4e4fb52fec49","2025-09-10T07:38:44.317Z","dhayes@example.com","Marie","Jones","active","2025-12-14T03:21:36.418Z"
"9470a54b-2fa7-4593-9fe9-f4aae9a3799e","2025-08-01T13:19:58.246Z","jford@example.net","Paula","Cole","active","2025-12-08T00:52:18.682Z"
"1b81adc7-83bf-40e9-b3bd-607763b4b9c3","2024-08-25T21:00:54.449Z","dmason@example.com","Dale","Nolan","active","2025-12-09T21:51:21.903Z"
"0a8f0b33-3e0a-4534-a255-2d595e1f611e","2024-09-09T19:42:47.689Z","benjaminzimmerman@example.com","Alexandria","Bishop","active","2025-12-16T00:27:48.157Z"
"4f8c549c-d2db-40f6-b825-17223074bdbf","2024-09-26T09:05:13.111Z","erika05@example.org","Mark","Grant","active","2025-11-26T00:59:09.074Z"
"ac3cd3c7-42b9-42ec-8c73-5424ec392779","2025-04-11T05:39:55.077Z","mathewaguilar@example.org","Sabrina","Collins","active","2025-12-08T08:17:10.326Z"
"87f0f5b6-3cbc-4fc6-8f04-b41b5a31a72c","2025-08-15T12:56:22.924Z","collinsnicholas@example.com","Lisa","Santiago","active","2025-12-10T15:27:59.950Z"
"9383998c-ddc2-4e75-adb4-18160db85029","2025-11-12T19:28:21.840Z","lucasrodney@example.com","Andrew","Parker","active","2025-11-28T17:35:46.238Z"
