"email","password","userid","account_locked"
"johnsonjoshua@example.org","913d199f349e540cf50caa123e5697cb1d6089eff315529b3ea3f7d9ff917632","672edd1b-838d-4cd6-bcb5-a0ceb132a4e8","false"
"johnsonjeffery@example.net","ceaff6348269e17def2e71a64632d91c8c24c02deb58540bf9e307b75156589d","c3c18938-528e-4794-9434-1a036c1c6141","false"
"zlawrence@example.org","b148641d5fd710c862eee130b08b9963cef6207876a8b197a4dbadde4c33ca65","6da5701d-2ecb-4e42-93a7-1994418e3eb0","false"
"curtis61@example.com","57aa346d77a61b6a6806beb4e865763f29f8cda2ca2dacfd85d66b217743fcfe","878f82ba-5db2-4248-b57d-888176bafa47","false"
"smiller@example.net","ce581490b64b1af57f3dd921667d393f9fc105954821bc879a05e65f3f535858","1e13b0e8-058a-4631-bf63-d015275f55ca","false"
"kendragalloway@example.org","d4b196b5cd9f19ce309caa8db9b07a56eec5076a3728092d52d18e7b58de0d78","6bbae7fa-c5d3-45c0-a64c-feec0afdf8b2","false"
"jason41@example.net","d5b4930fd47aa6a7b0f4c1157aa10dc17b7b3bd359eb99e8a35f48545f4a6310","f17d0d50-d672-4207-a5d1-2c4b080b7e5c","false"
"gabriellecameron@example.org","e774d8014053f1aa341f5020173087bc0d4de0d46ad3d8b992cff4dc1af8c4d0","c9f5d4f8-2f02-4f79-8b9c-80f35c6f1391","false"
"jason76@example.net","225093b22ba889759761bf9d97bcf7181d20034f4606c086e0383fe9592bd0aa","f6dc1231-029c-4c50-b2e2-d29ce14296bb","false"
"zhurst@example.com","de5c6044071daeda338e6c198d13bc628ba51594662de7839d660d1e21c0eb0a","ce52a4a8-00e9-472a-99cb-16c5d5400117","false"
"hernandezernest@example.net","2660672dc64a0ae0b3c3b49549ba01bb4ae3d9aebb690e87db0ef7957ef42526","ea541468-eced-48b2-97d3-a74dc24c45ee","false"
"frazierdanny@example.net","aee2752cb80b42fa5e186d74794a1d49043b9114a92fbf17b7cc0209a80130a2","f9d55d7d-c046-4495-8189-17209030d8af","false"
"mckaynancy@example.com","fbfa34ba9db360181b064f766eb94bb064d0a0774ebd6711783f2c9dc0748f35","5ea91edc-849d-4e65-9f75-d80a82c32ff0","false"
"ericfarmer@example.net","265ef62f528f60050e308675ccb5fbbefdee46162f178ee4dbeabc3104206be5","5fb9b81d-3d82-42a5-892c-7e59e5ee72ce","false"
"hickmannatasha@example.com","509d357d583e4127bfdd226b646a6706c6a78604a786eef9c342ba1dcde07086","ce011ffe-96f2-4700-aef1-619edd4632b2","false"
"spenceamanda@example.org","89cde0c1fb39e2b84a8475a9ca3183657222380d982224dfd26d0c2b1040bd99","c6397d8d-271d-4c5d-aa9a-64fdefccc8e7","false"
"ibrandt@example.net","a2becdea8f0e92ed25eb35538f0a89a107364d93a8dcb1862f13fadec1616337","f98282d8-03e9-4566-9b0f-5758994e8493","true"
"omartinez@example.org","0615f894aaeb04b0b29c8055d04c065d1c97fea52be37e3fabe895362e93ba1b","952a1e86-4ddf-4285-8a13-56fa86e5a2a7","false"
"perezrebecca@example.com","0fce1eecf97cd45f808ffce56ebe5bf74bb9bf97c31e52adc96d395b5a3af85e","c82a0f84-0c5c-4e23-8543-ddb5dd57672c","false"
"esanchez@example.com","3dfeb40681d98729ab3ed87d98a960b9540c6af9ef0319536d8cb647112e610d","e89b5ace-efea-4703-b5ed-a33ef5a753fb","false"
"nuneztracey@example.org","2ba7b2f7210be591170ff27e75ac313d24dd592d47160778c4e5f16e1ea7be8a","6146ce71-b657-4a60-bfc1-ddcf4358f014","false"
"ltaylor@example.com","c58c4ccdea6e141fc0f1b4635d47b891779a498c950672b6083aa5674784226a","ff5672ca-10c7-4d10-b920-e53e4a34ca4f","false"
"williamsyvette@example.org","47d90aefb1beb9aab9a705930a934bb0a1c9081123fad2fcc4ccd70adb813087","39870309-0193-44b0-a15b-5e59cd23079b","false"
"michellebarrera@example.org","75c83fde4be7c251f738fa4da3b16ec01324ad984ffb5d4377dfc075b55672dc","81e21177-c908-4ebd-bf5b-80928c1ad9fd","false"
"uhorton@example.net","8d1fefe95bf1462643316b9f1fc25d9526051fada0bf854f467ca208f7e0243b","a7cc2fc1-169a-42d9-97e0-5c12340c1aca","false"
"adkinsbrian@example.net","e8479f4c1ff3726981e3224618431c74f7fe010b3a23752fd2bb12d6e59577f7","cfe00395-8ba8-4d40-a7b8-b822426a14fe","false"
"caseyjones@example.org","54cee7152be4e23b45efb25f64e2fd388a31ad633fe23ed3eebf87540db9d6ce","5bce5e51-b830-46f1-9c99-b854827decb4","false"
"barnesbrandy@example.net","80a50e0ed6bc260ffa9e6aeb490b71ad1ce60b59212fb2b171a610f8f8dd16a3","aa53499f-5042-46f4-88ba-b11f714973f2","false"
"emilyevans@example.com","1ae6aedf6458ac4f7d10d855f94e6918168e66b9b9d8686de5cb0afa33545c5c","88b0c470-2f7b-4de0-bd57-6a7cba1f72cf","false"
"jonesjason@example.com","650ca21f3bf05670ab8acdf47a6d2c99f71773574a577632251ade5aeba4c090","86481ff5-b34e-4df0-af87-9525785561a1","false"
"tbass@example.com","2ddd067071d26cda1c242531f9467d75c7684e95f350c25a1ebdaadc1dca1a3e","1acc6ce9-f7ed-4dd4-b9a9-3606c1b606e7","false"
"sarah12@example.com","2734b32faf7e12838d616da6bdfd3e51f13fb25595445988c62cdf12c9626084","9d543427-2ca7-4d45-a9b1-6dc73270cec8","false"
"james48@example.com","29337cc40812bd7334a2b042c942634df32a203e2d6f8207feef6c70d1d6e2fb","f3226358-1705-460d-8a0e-507e128be6aa","false"
"smithkellie@example.net","68f1bcff26d1248024fef29516ad1dbbabd4972e30d97cd9903b36377551037f","ab8c869d-d5c6-4972-83ae-d408963d2627","false"
"jonesnicole@example.org","c107085aa6bf1db68fb3da1937fdfc8b8e066f02d8e1b234e1af18e82e789c77","b389406a-6a06-4942-beee-11dfc88e1c77","false"
"michael05@example.org","b1dd6a7db122618cc7cd99f3fc5723f86f0623f66f604c2d4f9ab1b38a0bace9","4d7dba7f-776d-49cf-95a5-6e384d3a141c","false"
"sarayoung@example.org","c7c64bb37791bbddf248a066eadea2f208ab1b0a7a7a97a2a80ecd0b608966d1","c0fc2643-449d-49c5-ba1e-22900516c186","false"
"kimberly63@example.com","f6932762967cb06cb8b6832a1d70b1019c24b51ea5dfcd8af4bc8f251d307406","6cd30519-d443-4842-bea9-0261a40a765c","false"
"lisastevens@example.com","ade7a4f64e245716e71ec89621afe6e844ff520554fac255685855936370081c","1ca0d89b-8851-4562-a993-0e3f22288718","false"
"michelle45@example.net","d3ead77b231b62857ffe1e0fb4d76e0cc892db55c4a8d6ace7bff255084e54a5","533e84a2-9e6a-41d8-b8bf-62cf44cd6bfd","false"
"gregory40@example.org","82abc4ea1d3df8832058737ab637eff5f3c5711bc50736898b2e4bcb4f07f320","49b48fbe-ea88-48f5-99ad-75e12438c881","false"
"cruzbarbara@example.com","86f94b1c15f14334709286223c1639c04631cffaff9770160823147af3ee023c","a0eafe2e-8782-460c-b91a-a84a8e1cd864","false"
"michaeljones@example.net","fcacb7118375169c14646290aa509f27004f3b1815d089e61912b6a6ab5d4e2b","45815f47-a5bb-4b8c-bbf7-3405ed568ac1","false"
"elizabeth56@example.net","f95c35f91be92b376ff4f49c9684d99b3e0fc8cd6a8026ffcd6e10270160243b","6115e922-50c1-4e9d-90f7-5d65cb69a904","false"
"christinaturner@example.net","44b88753fc9a0632aafb84b0ad695bb66f4ebc60fb7cf0aa94fae38245cf521e","468d4ba9-2bff-4ec6-a485-efe381aded48","false"
"steven73@example.net","361aca7109c72367b7ec5c6fddd15889bf213b159840d9abde18bdd0334de04f","d00baaf2-4cfd-4868-950c-688521266ad7","false"
"clarence34@example.org","6d5cc4adf9db9a163e3a98672035a5b9d649b67517b49d12801f2c769555ff0d","a8a77e5b-4851-40da-94d5-bf052b1f97b2","false"
"gibsonolivia@example.net","253a878a69438a02165b7e4fd7a749f6b382cb42a30e0281d1c47fadcd768e5c","5eb04572-882e-461a-b5cd-e7250082ae2d","false"
"staffordmichelle@example.org","19af90937bb8d3ebcfc8bb400bafff61072803d821c93bdf3d805f884e00920c","4adb5b6b-be1b-4c27-a5f7-b2bf9297ea03","false"
"samanthamartinez@example.org","eba8c05eb75f745e4c40e20f73c0ee66304d07ee64cc234c87474390854eb0a4","a73eceb3-2cf3-4dc1-858e-48db9807f6c5","false"
"usalazar@example.net","a3f8ee47224c0bdfe0ed1a71cedaf9fe1eb63e9fb97326c05ecddc575ac3432c","260b8e29-1407-4c86-9562-3ed6a1b0365f","false"
"pgreen@example.net","0fad97dc6ca0e9ff1acdd64b4a9f7e69e3e9fe8a23996a245513f794eda043de","6bf9f1f8-1ef5-4268-ac5b-4a7abaa9bb21","false"
"jimmy55@example.net","9b69321495dd2619fe0aa895f5674210bf5496c16a15fb2cebba422ed9a0665f","be1bcf33-fc5c-4fba-9997-f7fba791e4cd","false"
"irussell@example.com","c9aa02dc30992d2a1d10ca9125ca4ce35632ee9444b2393b71d953a2fdbb2386","98262264-5164-4ea4-800e-2c64b46b8f38","false"
"gateskathy@example.com","a215c2478dd110f1ec68a494c0819fc326d50d8dd8b48dfe3af6b97c95988c04","88b3230f-0806-4d1e-8b69-18c608bf6277","true"
"vmedina@example.net","fa6f160af82da85d9166e0d8ae852aebe1cea4597af3547ef9c8ffaeab6f33b3","ab361c61-97c9-4fcc-8337-f89435fe81ff","false"
"rrogers@example.com","f955b34098e8bdff57d86f123516636925ad03c8ca6a928a30606c1058c0bca4","e3b7eeb5-5680-47d9-b3bf-d42d1b22291d","false"
"qvargas@example.org","340dfd699bf25f290ce1901754c43b6599706f2411d4c9248f3cc5084f098cf5","550c7925-f6a4-415c-a9e0-0194799e6a07","false"
"jason55@example.com","25003022b133da64dd059a99901363b0254c30d2f6d398e9b42af40c944ad5c7","551d60f2-fd1a-4953-9134-8485da816bd6","false"
"cookemichael@example.net","5b7254141c0d4b9258ef75d65a67b30b6f0c4ac3119d21360fe9b097457115d9","996550ca-49f1-4de0-97ed-e926dd3d345f","false"
"howelljohn@example.com","5bb6ac3700857f9a6dde94b39dbdf9d631f58d06d4ac4023f7e71b1398c49b5b","5fc4c09b-4b45-452a-b380-77c56a1e761b","false"
"catherinestuart@example.net","b83435e9d57bcce8fd85d2927a9002f88d60f7eeba0d669bc1239f4722092910","53954cef-bd6b-4343-9336-8a02d240472e","false"
"barbara66@example.net","b0d9b62854fe9dee2c678393aabbb9ac1f130aba91f018fc594323ff02b8420b","a0921328-94e1-464f-960d-e2ef7d01f2e9","false"
"melissa91@example.net","53acecaff14d7bfb8df19cb4cc90ce3fcd37fcf2f9ca35652bce4b22346b37b6","f2232a1c-0b24-49ed-9830-c0f935d481dc","false"
"alexander67@example.org","d2a24b5339d9ab090a824072647899766cb5f3eaf1afb9e3bb5e4c0d0beaac0e","0474f141-610e-4cf7-8a57-c8feb6241646","false"
"jessicasheppard@example.com","71375ccee99de65a6787e0a8817d0f06967179c49c43f0b547feb422424cf17a","926cbf70-3f16-4da9-a4a7-fc0b4e50c02d","false"
"marcus31@example.com","38dae92a7ad9ca22d21cb83885e8e4014648dd2f504a53560da66cd59704be5b","35dd1b34-89dc-4538-a127-775ba89693a7","false"
"snydermark@example.com","e223d7ceea0085d0a4c45528a88caaae738c95e9c945948f745bc6ae9c39a589","4e49a63d-262d-4197-8420-e771dab50e3c","false"
"angela83@example.org","339b1c532ecab2f6de3b866c3446ced58dc7d6046696ff120e4c139cc7e48fbc","7db085d9-c5e2-456e-83db-7a8108fcceb8","false"
"bwest@example.org","efc5e695bce6433b3ef752acdc67e2998d438fa845ae5aecc67158023cb90d60","fac77258-e598-4d68-87ea-b4cb93c4bb61","false"
"ronald85@example.com","c0a98ecd0a871fdbdc417283d4e9e0c8c45baf4dbb42f46f10c54a6b330de3fe","f4e7274f-6766-4a72-a3c6-43b3f57447d3","false"
"newtonstephanie@example.net","68e5f7c438bfa9e8fc9160606317d4630b44afc1d90ffef6f7351626d8291b61","8167fc9d-fb29-4ea2-9a7c-58a14815a733","false"
"tina34@example.org","7b3643054ba803a56c0b0f5ca25db9192d884965688e4ff5de04960eede9f144","255564d6-2ab2-452f-af52-170bb530e898","false"
"tranheidi@example.org","bc480949f330306d1850f25e7cf229a388a155128cf9f744378558d13b11612c","13fcd499-8e23-4466-9cfa-9b86f5f5921c","false"
"lalexander@example.org","6047ce43e068361f56e47f581a241c18ef6756e7924fe3e8e6bb2404a0f6ed76","95a78aa3-73b6-418a-8603-f9072513643d","false"
"hernandezlisa@example.com","9783f7c50056e6aa5f79aea2c0b58861c1fa706bb37b12a4a2e8decb470d51ab","f34aeb12-0a14-4705-94a5-ad157fadef9e","false"
"kimberlyjames@example.com","9da98fe7a876b2387bdb37a611267906e6b90e06f1967d0bb5fb343a09fc1493","5716215f-4e9a-4b0a-ba09-411546482c40","false"
"mezajared@example.org","cb37ae5e2e4ba0c7835da6eaa95e687d64a8e1bd71cdb19300a6d172e2b8af14","96130efc-7eb2-491b-82f7-534bb6c1d7c7","false"
"mhayes@example.com","89e1576a61c8ace79101222ef756e44b7ede06ed22fd7599cd7fe0bca7212038","8bdd4ee4-5a50-4edd-9c02-d06effd691c4","false"
"sandrafrench@example.net","2ba2f9f3bcd30a566dd17d7398bc95456fabcb4e48d8ec5162c04e9f637cb3ac","ce688a50-29af-4d04-bd4c-bff0833b4d1a","false"
"rebekahserrano@example.org","26029e430b03dd45d4b62f921f0db3c3f881ec466e273c8708f60f634b67d584","b833e3df-35d5-44e1-b91e-295411730ba9","false"
"smartinez@example.com","24c6965608f2410aa580038a2bc47ff602e39339b7704dc948b4b73ee555b8c7","663c1f11-34cd-4f56-8aeb-3ba72b577ba0","false"
"prestonjessica@example.net","ea9c961635519a9c1be71e6d4af9223b9c8c27f4e08a4c1a2e9e47d2cadc0c29","41d11b28-cfb2-4628-b7b4-4792608c3975","false"
"keyemily@example.com","4f9766b4f32bcc5225e2a17e323bf8984bcd4e50327e1026689d636367a18353","eb01e2e5-a6f9-4860-901a-a355ff50388f","false"
"howard96@example.net","20cb5b8d065db98e332c748c4a17643655f36a919d08467d29a2d2b0fcaf8f97","baba2270-2a17-407a-9353-ae43c623b05a","false"
"hodgemark@example.net","20e630efc973a0216b46e6a5e05c1f3bd012e8051727a8bfbb1233526243eb1d","59300018-f41c-4e91-87e8-5e2f7b2840cf","false"
"edwardsmarcus@example.com","3292cd1091bf2d7e7bd08080a1be98e798f5a8ca3e073b79bf18297af250da7a","5f89dddc-f91a-4a4a-9730-3476e140aa3c","false"
"lopezmichael@example.com","5dd4189365190519c82f8dddd96c22f1e92bc0054aa39cda8d0c22ef6b3c9e29","ae2e35b7-ed71-4afb-a537-e98b8f47b5f3","false"
"fgilmore@example.org","fd48ded432917e368ab7bfc10dd7bce1816b955f8dc0e821fd4969a039d37f43","9f2b1303-7f31-4b6a-acd6-d5e4ae54b4ce","false"
"tranchristopher@example.org","5bcb8081c51129a5cb973bee49da29147e9e852c672048f7d0dcc5088689637e","229a1e67-bc6e-461f-856c-6558ab0b71b6","false"
"robert77@example.org","ddac12279cad00a9f1e5d45e69f7fd66c4d8be83889c2b4df50776cff347e3ac","40cd6c9f-7a71-4ae4-b632-c00dc22cbac3","false"
"michellehill@example.com","05a1c8007688826cb30e2f080b592d5934fe260e1eac73fdcf7ebd9f7f6a33dc","3960a7bf-9379-4511-90b8-0f110464a9b7","false"
"cgrimes@example.net","a0c1b107c816ed75534c5e8b3c9e08de0a170e819f6f051387c85e6144f5350c","43e78be1-d049-4965-be89-3542739a4fb6","false"
"tinaallen@example.com","f152051026c302ee6f8f3af3284d8d046e04cbd88e624d57fcbe87d7968d2766","2b597237-763c-424e-9369-75c73f62c65b","false"
"qhughes@example.net","e9ec5db88c2f55788737c17e872922238ac242eec188995be834b482708e2b12","6bc1e32e-693b-4d83-b2e3-e72d76a39673","false"
"sawyerscott@example.net","de47c2a9b29754a7e6793691572b3472b580a70e67380c649877e120d73bc2aa","1169594e-9b45-4d2d-b8a2-804f4d488969","false"
"harrisontanya@example.com","820ef5a7d39d3134c9507860af8a4369c0931aa00b5581be68f3009e01c2cecd","f72690b3-d54a-4fba-865e-a9ffffad0eba","false"
"ofinley@example.net","b61ae20c5dfbde302b779eccc6aa44b3812a2e0d0e49fb37fcb2ecb198f4e538","44018876-e01b-49a9-bc96-131166df6cf5","false"
"wendy16@example.org","9672aee62f6315c3838b80a731dd228fdd68e91aa37256b8d2d6171977bf88d5","340b48f2-4005-4501-86dc-96d0100b6463","false"
"williamslaura@example.com","284a8c69151c02de14cea0b4abbfbd621b9bbc6c3856f1dd2b2963b4404dab3c","d6701cd0-6d2b-4265-80a9-af040b23711b","false"
"georgemiller@example.com","112bab68dd812e83016338cc0805a797ee98524cd7ad1339ea2e374c538bcf08","7e75fb2f-f39e-40c9-9cf8-7e43b9b707d6","false"
"steve07@example.com","53d631e0ebcce55a2d848ca720c1b6538354df5368a9717d85add6b5a7e1a7d9","cded835d-569a-411f-8954-24e8305d59aa","false"
"dvaughn@example.com","380512ef3a345450f4863fb6de0bc20c923cd0464140424619224cd303260aa4","a544352b-44bf-4511-86de-7d11d67f7cfc","false"
"victoria40@example.net","30df13c564fd063107749d6652cce062241cb8946cb2832ccc595442461b65cc","3b6a9cf7-26f1-4985-a29d-180166f5b0e0","false"
"swall@example.org","5220a29889858c25683be9ed83d67bafc5bd257c33fc3f20abfac1087252ea25","3d0dcd56-66be-438d-978b-c943221b6f2a","true"
"courtneyberger@example.net","fc5d6fb3019481e67392cb1f0a948e28005b8e89fc1e8c4a79305c6e4e6836e2","fb914d7a-2037-4092-a131-ed5b8d70fc96","false"
"mark62@example.org","34681dce8278e1f2e06ebf235b7789bf39ee96632d3c78fe1acf953af29c40e0","28432ac3-5edd-4847-9761-4323472e5d57","false"
"jonathansummers@example.com","e5c23c9583c6a55c0d8a61c664b8248b49f28c003d1e8bd32a80b5d1d8c86bcb","9c9d2b37-f495-4b57-8e77-41a507520906","true"
"taylortammy@example.net","3b911258a18748eedf34ebcfba5548776cc25c297cb3b199051199381f95e8d9","42f7440c-f7b9-40d0-a504-c01668f6c54c","false"
"ismith@example.org","b6f3bd0bc34c6770605207d333a2840e474eb5107ffb91f9df85288d20e3c832","d0806544-ab76-443b-8365-6e0bca5c6675","false"
"daniel37@example.org","de0460d7b3cc22a4470b8542bfafb16e7ac408dceb0dfdabbccb7d6ee1942411","0976beeb-9469-4375-8abb-ae8772215f36","false"
"tblankenship@example.net","21d6515e79bda9a56cccc7b6d0e5d3c98f283defcd9d4b3fac42ede4c516ccf2","bef2099d-805a-4b86-90cc-273da0004063","false"
"youngamanda@example.com","2c314df6bf654aad75668fa6b2fce2ea4e5dce2db373bb3163ff885a2f5f3ee4","185062b4-fecc-40fc-9e57-5d721782639e","false"
"nicolepena@example.com","fbafd0f5556825473ac9fd172bbded6d1ab649429e7416dc62dcd4934c531adb","e4dae5ea-e065-46f0-9fc9-ea18af15f881","false"
"xsampson@example.org","1b338bb659b79d26e394024ed52d63d5d6df3eefe19a84c3e1dbd074de3ad93f","0fa4a63f-de50-47bd-bd54-c81204052cd7","true"
"james17@example.org","e7f51c38a73151265b18c8ab0ca5cf448552bbe839b81829c58b0ab8d4eb45ed","fb5309eb-fa61-4e13-8927-5f12a875debf","false"
"vanessabuchanan@example.org","930927c576e188a85926ecec8f9d3d607317dac4188548c15589d9612c4d3a02","ba1abba0-bb02-44eb-953e-e2f2b0c0690d","false"
"kim90@example.com","77a1c4332392128cc37629ea2ac9af27c2c66591ecd8b54e05961035b8b5bedb","03e8c127-3fa3-4852-9f41-881084a699e9","false"
"andersonmichael@example.org","371f43baa50bc318e231edaca0f25fdc0c1109224c6809e5faface56c3a418c8","2a508618-6827-400d-b43a-0772515640b1","false"
"reesethomas@example.com","a3191b0b77e7d54e902ea3a45a9150a3c24896e2d714fc0c3149b910e652614a","0b1ff715-1ea7-41fa-8f5d-eeb4972be66e","false"
"stephen00@example.com","5d5be4509e1c6800d5baa9263bb44d3488d9af39022c3c86171e2507300c6746","8c985e23-5c7d-4bf6-91d3-d0e5ed7f2ab4","false"
"morriseddie@example.org","b0a0e9ca9d1796e86b2bfbfb74703047de093fbaefd3c13ef1befe6465722ace","a94f624e-97eb-4f07-b4e2-7fc75ccb0ab7","false"
"shawn96@example.org","a1dc13efa834ddd92d428e2b6e093c50363ec4058be517a7dc671490828cf60a","bb5fb2dd-89fa-4c1a-a814-b12d99745ac6","false"
"russellbeasley@example.com","e436925227d3ea9165ffd32de86f43591f5961eed5306d766797f6fe757aec0c","d368b5d5-b8d3-479b-a65a-937e77cfe355","false"
"nicholas27@example.org","319bc92203c2b55e5a1ceb4875e328863be284fa28f1e43d4c7e282950a17940","3bd81250-5430-4243-9fac-c2c8bbb2c075","false"
"angelawillis@example.net","3b30ed162c37e026934628a94102c43ee63b5d45ba984b208a276dc7237dc02c","d6c2b345-3abe-4963-a1e9-1f16e12ab657","false"
"uparrish@example.org","1bd05763b45d336faeb01fccb64db337edc9bd1ec89a2faca47cf50e09295b01","ee59e06f-2fa8-4bdb-960c-6b6c015f3877","false"
"gwalker@example.com","1590b9f9a7b53359adb29bb0fe3af1625508f506b2e46149d0606128db1b76db","505ee18c-b9a1-4b61-ab21-9edf79d067d9","true"
"lynchdiane@example.net","c9ffa6c2e15e8d6ef3b7b61ead3113b362b4fad20ac3096ec1122842072e94fe","b164074d-5b90-44dd-9309-17f2a0b744fc","false"
"whitedouglas@example.net","c44d8c094ea7e54d68b5b8398cac95e52a3b9c7c4d355a6d2dbdc7eb114c2281","3b1dd7d0-57ac-4e56-ab0c-5e29bdce4517","false"
"nicholaschavez@example.org","fdd7dcc1a82e0948fe3f21834eac3aecc842e2c5cbdf0c8a8aa798fe99f95b3b","4cbf9a9c-0b93-4af9-8267-0937fbd40411","false"
"moorekaren@example.org","e98c764761bceb1a10d604813c55a0c12320dc8d210cdc100af0075d396d4e49","40d03633-bedb-485e-8ad6-b34d32bc66ed","false"
"jason81@example.com","fd82eb1c10b127dee99b746c801767a96090adaf2a4d4909ed2aba9ea3cd48e6","6f5404ed-804a-4a94-92c7-ac7e9780f7e5","false"
"walkertracey@example.org","5c0283b1adec4992481b67525abef054d54dac234913d0affafb0395ca5ee1c6","f9de966f-db7b-4ff6-bfa4-48e1c59e1208","true"
"david76@example.org","0b85875fa816e67dc5d6af19714a01eab33f06728e55df8cb414f3a568f2a203","2fd9689b-b183-4f30-a15a-4d29d959a1fe","false"
"charles06@example.org","29b79f4d58d8b7cf9106174adbcd7145c4d4b19dbf7a13de68dc14c444e1d19f","a824b122-0048-471a-902c-2e060cb5a705","false"
"zroberts@example.org","a0f797b17655f84cd51ca89a6088518453d81e709eabc69bb201eed24e53bc09","f2edfeb9-1d84-418c-b519-47b0595aacba","false"
"christopher13@example.com","f896a73510305b90b16dfc472f1a1bfca67dcf65ed38367d4ce3bfc60ab7bb7a","1a4cbcdf-72b6-4f10-aaa2-87dbacf8fdc1","false"
"kimberly18@example.net","06b3472d3336604bee1c8f5514b12e01023f23202a0a7f0484f98ceb9e3ca317","9a5e1988-eea4-46a9-9d75-bae88f5281b4","false"
"joelthomas@example.org","68122637f8e1fe3a2fb09d2b44235339e3c31441b82908128d85143503cbb7f8","f06c2941-cc39-4a83-b11e-4e32feb360b2","false"
"kmarshall@example.net","6e1ad41450a73065c7716f63ed0d536961369bcacc5ba138a3b1a99ed3dfacd4","fdbae02d-5db2-4af8-acdb-09e6596b1a08","false"
"edward17@example.com","afd6032863f863579c7454193e3cbc2b9d150633f2c9176b64a4ae498fab655b","ad6aaaa9-a9a0-4bf2-b387-c07b20d22f18","false"
"dhayes@example.com","649a721340812ddec325870c3193b85d5e47f4137c1d2cd932dd5397feff343a","44a490a8-7327-4535-868b-4e4fb52fec49","false"
"jford@example.net","b05872a37d2c08cc0ba0fe2f393ad882d27b3fd3d1e5573d98af09ebc9726abc","9470a54b-2fa7-4593-9fe9-f4aae9a3799e","false"
"dmason@example.com","c2a655e8c61ed9913d271572f3041e4c4ba6c7d3c9cc59e37fba408fa0982c6c","1b81adc7-83bf-40e9-b3bd-607763b4b9c3","false"
"benjaminzimmerman@example.com","fb5136f7b3a1cbd3d12e21ee46d47424897eaf7e2451697be8f33cd2fa4d66a7","0a8f0b33-3e0a-4534-a255-2d595e1f611e","false"
"erika05@example.org","b3d9adaa4ad1df5f8bd1d91d09aefefd3ca4078503edd96b7dd0438694bdb988","4f8c549c-d2db-40f6-b825-17223074bdbf","false"
"mathewaguilar@example.org","be28bfff41c10d473e6e91dc1ad7ae94f4f4c45c4ea2d9d82b6fd337eba3ed0b","ac3cd3c7-42b9-42ec-8c73-5424ec392779","false"
"collinsnicholas@example.com","56aa5f8a1325ea8abe3c4702d8639a734f7ca76c9e1cf307632525a7b531cc14","87f0f5b6-3cbc-4fc6-8f04-b41b5a31a72c","false"
"lucasrodney@example.com","8eb9853e32794cb0b4bcaee0bfe49bd7bfba019271e42641df7280f6c3161871","9383998c-ddc2-4e75-adb4-18160db85029","false"
